/*
 Navicat MySQL Data Transfer

 Source Server         : localhost
 Source Server Version : 50624
 Source Host           : localhost
 Source Database       : ospia

 Target Server Version : 50624
 File Encoding         : utf-8

 Date: 03/19/2018 22:40:42 PM
*/

SET NAMES utf8;
SET FOREIGN_KEY_CHECKS = 0;

-- ----------------------------
--  Table structure for `admin`
-- ----------------------------
DROP TABLE IF EXISTS `admin`;
CREATE TABLE `admin` (
  `id` int(11) NOT NULL AUTO_INCREMENT,
  `email` varchar(255) NOT NULL,
  `password` varchar(32) NOT NULL,
  `username` varchar(255) NOT NULL,
  PRIMARY KEY (`id`),
  UNIQUE KEY `UK_c0r9atamxvbhjjvy5j8da1kam` (`email`),
  UNIQUE KEY `UK_gfn44sntic2k93auag97juyij` (`username`)
) ENGINE=InnoDB AUTO_INCREMENT=2 DEFAULT CHARSET=utf8;

-- ----------------------------
--  Records of `admin`
-- ----------------------------
BEGIN;
INSERT INTO `admin` VALUES ('1', 'ianliu0420@gmail.com', '111', 'ian@gmail.com');
COMMIT;

-- ----------------------------
--  Table structure for `application`
-- ----------------------------
DROP TABLE IF EXISTS `application`;
CREATE TABLE `application` (
  `id` int(11) NOT NULL AUTO_INCREMENT,
  `applyAt` bigint(20) DEFAULT NULL,
  `aptId` int(11) DEFAULT NULL,
  `doctorId` int(11) DEFAULT NULL,
  `result` int(11) DEFAULT NULL,
  PRIMARY KEY (`id`)
) ENGINE=InnoDB AUTO_INCREMENT=2208 DEFAULT CHARSET=utf8;

-- ----------------------------
--  Table structure for `appointment`
-- ----------------------------
DROP TABLE IF EXISTS `appointment`;
CREATE TABLE `appointment` (
  `aptid` int(11) NOT NULL AUTO_INCREMENT,
  `apptime` bigint(20) DEFAULT NULL,
  `aptdate` date DEFAULT NULL,
  `archId` varchar(255) DEFAULT NULL,
  `archIdDocBaseline` varchar(255) DEFAULT NULL,
  `archIdPatBaseline` varchar(255) DEFAULT NULL,
  `cancelreason` varchar(10000) DEFAULT NULL,
  `canceltime` bigint(20) DEFAULT NULL,
  `confirmtime` bigint(20) DEFAULT NULL,
  `createtime` bigint(20) DEFAULT NULL,
  `doctorId` int(11) DEFAULT NULL,
  `doctorLoginAt` bigint(20) DEFAULT NULL,
  `doctorLogoutAt` bigint(20) DEFAULT NULL,
  `doctorRecTime` bigint(20) DEFAULT NULL,
  `doctorSessionIdBaseline` varchar(255) DEFAULT NULL,
  `doctorname` varchar(255) DEFAULT NULL,
  `endtime` bigint(20) DEFAULT NULL,
  `hasDonwload` int(11) DEFAULT NULL,
  `patientid` int(11) DEFAULT NULL,
  `patientLoginAt` bigint(20) DEFAULT NULL,
  `patientLogoutAt` bigint(20) DEFAULT NULL,
  `patientRecTime` bigint(20) DEFAULT NULL,
  `patientSessionIdBaseline` varchar(255) DEFAULT NULL,
  `patientname` varchar(255) DEFAULT NULL,
  `scenario` int(11) DEFAULT NULL,
  `scenarioCode` varchar(255) DEFAULT NULL,
  `sessionId` varchar(255) DEFAULT NULL,
  `sessionType` int(11) DEFAULT NULL,
  `startRecTime` bigint(20) DEFAULT NULL,
  `starttime` bigint(20) DEFAULT NULL,
  `status` int(11) DEFAULT NULL,
  `stopRecTime` bigint(20) DEFAULT NULL,
  `applicationNo` int(11) DEFAULT '0',
  `startRealConversationTime` bigint(20) DEFAULT NULL,
  `evaluationImage` int(11) DEFAULT NULL,
  `finishedPreSurvey` int(11) DEFAULT NULL,
  `appropriateStu` int(11) DEFAULT NULL,
  `appropriateSp` int(11) DEFAULT NULL,
  PRIMARY KEY (`aptid`)
) ENGINE=InnoDB AUTO_INCREMENT=2696 DEFAULT CHARSET=utf8;

-- ----------------------------
--  Table structure for `appointmentprogress`
-- ----------------------------
DROP TABLE IF EXISTS `appointmentprogress`;
CREATE TABLE `appointmentprogress` (
  `id` int(11) NOT NULL AUTO_INCREMENT,
  `aptid` int(11) DEFAULT NULL,
  `hasFinish` int(11) DEFAULT NULL,
  `lastOperationAt` bigint(20) DEFAULT NULL,
  `sessionId` varchar(255) DEFAULT NULL,
  `stage` int(11) DEFAULT NULL,
  `type` varchar(255) DEFAULT NULL,
  `userId` int(11) DEFAULT NULL,
  PRIMARY KEY (`id`),
  UNIQUE KEY `id` (`id`)
) ENGINE=InnoDB AUTO_INCREMENT=2521 DEFAULT CHARSET=utf8;

-- ----------------------------
--  Table structure for `availablestudentgroup`
-- ----------------------------
DROP TABLE IF EXISTS `availablestudentgroup`;
CREATE TABLE `availablestudentgroup` (
  `id` int(11) NOT NULL AUTO_INCREMENT,
  `groupId` int(11) DEFAULT NULL,
  `status` int(11) DEFAULT NULL,
  PRIMARY KEY (`id`)
) ENGINE=InnoDB AUTO_INCREMENT=9 DEFAULT CHARSET=utf8;

-- ----------------------------
--  Records of `availablestudentgroup`
-- ----------------------------
BEGIN;
INSERT INTO `availablestudentgroup` VALUES ('1', '0', '0'), ('2', '1', '0'), ('3', '2', '0'), ('4', '3', '0'), ('5', '4', '0'), ('6', '5', '0'), ('7', '6', '0'), ('8', '7', '1');
COMMIT;

-- ----------------------------
--  Table structure for `calibrationsurveyanswer`
-- ----------------------------
DROP TABLE IF EXISTS `calibrationsurveyanswer`;
CREATE TABLE `calibrationsurveyanswer` (
  `id` int(11) NOT NULL AUTO_INCREMENT,
  `calibrationUserId` int(11) DEFAULT NULL,
  `crateAt` bigint(20) DEFAULT NULL,
  `surveyAnswer` varchar(10000) DEFAULT NULL,
  `videoId` int(11) DEFAULT NULL,
  `createAt` bigint(20) DEFAULT NULL,
  PRIMARY KEY (`id`)
) ENGINE=InnoDB AUTO_INCREMENT=208 DEFAULT CHARSET=utf8;

-- ----------------------------
--  Table structure for `calibrationuser`
-- ----------------------------
DROP TABLE IF EXISTS `calibrationuser`;
CREATE TABLE `calibrationuser` (
  `id` int(11) NOT NULL AUTO_INCREMENT,
  `clinicalSite` varchar(100) DEFAULT NULL,
  `createAt` bigint(20) DEFAULT NULL,
  `email` varchar(100) DEFAULT NULL,
  `name` varchar(100) DEFAULT NULL,
  `position` varchar(100) DEFAULT NULL,
  `userType` int(11) DEFAULT NULL,
  `zpass` varchar(100) DEFAULT NULL,
  `agreement` int(11) DEFAULT NULL,
  PRIMARY KEY (`id`)
) ENGINE=InnoDB AUTO_INCREMENT=271 DEFAULT CHARSET=utf8;

-- ----------------------------
--  Table structure for `cancelledoperation`
-- ----------------------------
DROP TABLE IF EXISTS `cancelledoperation`;
CREATE TABLE `cancelledoperation` (
  `id` int(11) NOT NULL AUTO_INCREMENT,
  `aptId` int(11) DEFAULT NULL,
  `cancelAt` bigint(20) DEFAULT NULL,
  `doctorId` int(11) DEFAULT NULL,
  `patientId` int(11) DEFAULT NULL,
  `reason` varchar(3000) DEFAULT NULL,
  PRIMARY KEY (`id`)
) ENGINE=InnoDB AUTO_INCREMENT=297 DEFAULT CHARSET=utf8;

-- ----------------------------
--  Table structure for `doctor`
-- ----------------------------
DROP TABLE IF EXISTS `doctor`;
CREATE TABLE `doctor` (
  `doctorId` int(11) NOT NULL AUTO_INCREMENT,
  `firstname` varchar(30) DEFAULT NULL,
  `lastname` varchar(30) DEFAULT NULL,
  `status` int(1) DEFAULT NULL,
  `username` varchar(100) DEFAULT NULL,
  `password` varchar(1000) DEFAULT NULL,
  `lastLoginAt` bigint(20) DEFAULT NULL,
  `userId` varchar(20) DEFAULT NULL,
  `agreement` int(11) DEFAULT '0',
  `training` int(11) DEFAULT NULL,
  `year` int(11) DEFAULT NULL,
  `phase` int(11) DEFAULT NULL,
  PRIMARY KEY (`doctorId`)
) ENGINE=InnoDB AUTO_INCREMENT=1075 DEFAULT CHARSET=utf8;

-- ----------------------------
--  Records of `doctor`
-- ----------------------------
BEGIN;
INSERT INTO `doctor` VALUES ('526', 'Year2', 'Student', '1', 'z1111112@unsw.edu.au', 'f980a657493418b706ad1e42a178ac9d', '0', 'z1111112', '1', '1', '2', '1'), ('767', 'Year1', 'Student', '1', 'z1111111@unsw.edu.au', '9f41354d4dbb5605ee582b836d72c360', '0', 'z1111111', '1', '0', '1', '1');
COMMIT;

-- ----------------------------
--  Table structure for `emailclicking`
-- ----------------------------
DROP TABLE IF EXISTS `emailclicking`;
CREATE TABLE `emailclicking` (
  `id` int(11) NOT NULL AUTO_INCREMENT,
  `clickAt` bigint(20) DEFAULT NULL,
  `doctorId` int(11) DEFAULT NULL,
  `emailLevel` int(11) DEFAULT NULL,
  `emailType` int(11) DEFAULT NULL,
  PRIMARY KEY (`id`)
) ENGINE=InnoDB AUTO_INCREMENT=835 DEFAULT CHARSET=utf8;

-- ----------------------------
--  Table structure for `loginlog`
-- ----------------------------
DROP TABLE IF EXISTS `loginlog`;
CREATE TABLE `loginlog` (
  `logId` int(11) NOT NULL AUTO_INCREMENT,
  `doctorId` int(11) DEFAULT NULL,
  `loginAt` bigint(20) DEFAULT NULL,
  PRIMARY KEY (`logId`)
) ENGINE=InnoDB AUTO_INCREMENT=11707 DEFAULT CHARSET=utf8;

-- ----------------------------
--  Table structure for `note`
-- ----------------------------
DROP TABLE IF EXISTS `note`;
CREATE TABLE `note` (
  `id` int(11) NOT NULL AUTO_INCREMENT,
  `noteContent` varchar(10000) DEFAULT NULL,
  `noterId` int(11) DEFAULT NULL,
  `noterType` int(11) DEFAULT NULL,
  `sessionId` varchar(255) DEFAULT NULL,
  `time` double DEFAULT NULL,
  `realTime` bigint(20) DEFAULT NULL,
  `startTime` bigint(20) DEFAULT NULL,
  PRIMARY KEY (`id`),
  UNIQUE KEY `id` (`id`)
) ENGINE=InnoDB AUTO_INCREMENT=2896 DEFAULT CHARSET=utf8;

-- ----------------------------
--  Table structure for `participation`
-- ----------------------------
DROP TABLE IF EXISTS `participation`;
CREATE TABLE `participation` (
  `id` int(11) NOT NULL AUTO_INCREMENT,
  `agree` int(11) DEFAULT NULL,
  `spEmail` varchar(200) DEFAULT NULL,
  `spName` varchar(200) DEFAULT NULL,
  `submitAt` bigint(20) DEFAULT NULL,
  PRIMARY KEY (`id`)
) ENGINE=InnoDB AUTO_INCREMENT=98 DEFAULT CHARSET=utf8;

-- ----------------------------
--  Table structure for `patient`
-- ----------------------------
DROP TABLE IF EXISTS `patient`;
CREATE TABLE `patient` (
  `patientid` int(11) NOT NULL AUTO_INCREMENT,
  `age` int(11) DEFAULT NULL,
  `birthday` bigint(20) DEFAULT NULL,
  `email` varchar(100) COLLATE utf8_bin DEFAULT NULL,
  `country` varchar(100) COLLATE utf8_bin DEFAULT NULL,
  `firstname` varchar(255) COLLATE utf8_bin DEFAULT NULL,
  `gender` int(11) DEFAULT NULL,
  `health` varchar(500) COLLATE utf8_bin DEFAULT NULL,
  `language` varchar(100) COLLATE utf8_bin DEFAULT NULL,
  `lastLoginAt` bigint(20) DEFAULT NULL,
  `lastname` varchar(255) COLLATE utf8_bin DEFAULT NULL,
  `password` varchar(255) COLLATE utf8_bin DEFAULT NULL,
  `phone` varchar(20) COLLATE utf8_bin DEFAULT NULL,
  `postcode` varchar(10) COLLATE utf8_bin DEFAULT NULL,
  `reason` varchar(500) COLLATE utf8_bin DEFAULT NULL,
  `scenarioids` varchar(255) COLLATE utf8_bin DEFAULT NULL,
  `status` int(11) DEFAULT NULL,
  `street` varchar(200) COLLATE utf8_bin DEFAULT NULL,
  `suburb` varchar(50) COLLATE utf8_bin DEFAULT NULL,
  `title` varchar(10) COLLATE utf8_bin DEFAULT NULL,
  `trainedsceids` varchar(255) COLLATE utf8_bin DEFAULT NULL,
  `username` varchar(255) COLLATE utf8_bin DEFAULT NULL,
  `appliedApt` varchar(10000) COLLATE utf8_bin DEFAULT NULL,
  `agreement` int(11) DEFAULT NULL,
  `state` varchar(50) COLLATE utf8_bin DEFAULT NULL,
  `createAt` bigint(20) DEFAULT NULL,
  `notes` varchar(3000) COLLATE utf8_bin DEFAULT NULL,
  PRIMARY KEY (`patientid`)
) ENGINE=InnoDB AUTO_INCREMENT=377 DEFAULT CHARSET=utf8 COLLATE=utf8_bin;

-- ----------------------------
--  Records of `patient`
-- ----------------------------
BEGIN;
INSERT INTO `patient` VALUES ('3', '20', null, 'patient@gmail.com', 'Asian', 'Test', '2', 'I ma very good', 'Chinese', null, 'Patient', '9767a0d6748bafdd6b4d6ebe78b6be85', '+61111111112', '2220', 'I hear it from friends.', '1', '1', '323 Forest Rd', 'Hurstville', 'Mr.', '1', 'patient@gmail.com', '178,321', '1', null, '1456294845079', 'this is a test user'), ('29', '20', null, 'chunfeng.liu@sydney.edu.au', null, 'Ian', '2', 'good', 'Chinese', null, 'Liu', 'ff6ccbc4b0ce707ff75a556dce32c7fe', '+61416408826', '2220', 'from my friends', '1', '1', '323 forest rd', 'Hurstville', 'Mr', '1', 'chunfeng.liu@sydney.edu.au', '329,330,332,333,334,335,336,337,338,339,340,341,345,346,347,348,349,350,351,352,353,354,355,356,357,362,1060,1059,1061,1062,1063,1064,1065,1069,1071,1072,1073,1073,1074,1075,1076,1077,1078,1175,1499,1588,1593', '1', null, '1456294845079', null);
COMMIT;

-- ----------------------------
--  Table structure for `patientemailputmoreappt`
-- ----------------------------
DROP TABLE IF EXISTS `patientemailputmoreappt`;
CREATE TABLE `patientemailputmoreappt` (
  `id` int(11) NOT NULL AUTO_INCREMENT,
  `emailId` int(11) DEFAULT NULL,
  `putMore` int(11) DEFAULT NULL,
  `submitAt` bigint(20) DEFAULT NULL,
  PRIMARY KEY (`id`)
) ENGINE=InnoDB AUTO_INCREMENT=39 DEFAULT CHARSET=utf8;

-- ----------------------------
--  Table structure for `patientemailquestionnairesimple`
-- ----------------------------
DROP TABLE IF EXISTS `patientemailquestionnairesimple`;
CREATE TABLE `patientemailquestionnairesimple` (
  `id` int(11) NOT NULL AUTO_INCREMENT,
  `q1` int(11) DEFAULT NULL,
  `q2` int(11) DEFAULT NULL,
  `q3` int(11) DEFAULT NULL,
  `q4` varchar(1000) DEFAULT NULL,
  `emailId` int(11) DEFAULT NULL,
  `submitAt` bigint(20) DEFAULT NULL,
  PRIMARY KEY (`id`)
) ENGINE=InnoDB AUTO_INCREMENT=87 DEFAULT CHARSET=utf8;

-- ----------------------------
--  Table structure for `patientweeklyemail`
-- ----------------------------
DROP TABLE IF EXISTS `patientweeklyemail`;
CREATE TABLE `patientweeklyemail` (
  `id` int(11) NOT NULL AUTO_INCREMENT,
  `createAt` bigint(20) DEFAULT NULL,
  `doctorIds` varchar(255) DEFAULT NULL,
  `emailType` int(11) DEFAULT NULL,
  `hasBeenAnswered` int(11) DEFAULT NULL,
  `hasBeenClick` int(11) DEFAULT NULL,
  `patientId` int(11) DEFAULT NULL,
  `status` int(11) DEFAULT NULL,
  PRIMARY KEY (`id`)
) ENGINE=InnoDB AUTO_INCREMENT=21 DEFAULT CHARSET=utf8;

-- ----------------------------
--  Table structure for `patientweeklyemailclicking`
-- ----------------------------
DROP TABLE IF EXISTS `patientweeklyemailclicking`;
CREATE TABLE `patientweeklyemailclicking` (
  `id` int(11) NOT NULL AUTO_INCREMENT,
  `clickAt` bigint(20) DEFAULT NULL,
  `emailId` int(11) DEFAULT NULL,
  PRIMARY KEY (`id`)
) ENGINE=InnoDB AUTO_INCREMENT=108 DEFAULT CHARSET=utf8;

-- ----------------------------
--  Table structure for `reflectionlog`
-- ----------------------------
DROP TABLE IF EXISTS `reflectionlog`;
CREATE TABLE `reflectionlog` (
  `logId` int(11) NOT NULL AUTO_INCREMENT,
  `doctorId` int(11) DEFAULT NULL,
  `endTime` bigint(20) DEFAULT NULL,
  `nonverbalType` varchar(255) DEFAULT NULL,
  `sessionId` varchar(300) DEFAULT NULL,
  `startTime` bigint(20) DEFAULT NULL,
  PRIMARY KEY (`logId`)
) ENGINE=InnoDB AUTO_INCREMENT=15561 DEFAULT CHARSET=utf8;

-- ----------------------------
--  Table structure for `s_admin`
-- ----------------------------
DROP TABLE IF EXISTS `s_admin`;
CREATE TABLE `s_admin` (
  `id` int(11) NOT NULL AUTO_INCREMENT,
  `email` varchar(255) COLLATE utf8_bin NOT NULL,
  `password` varchar(1000) COLLATE utf8_bin NOT NULL,
  `username` varchar(255) COLLATE utf8_bin NOT NULL,
  PRIMARY KEY (`id`),
  UNIQUE KEY `UK_edm2m2ks2n54r39o4ipxk22e9` (`email`),
  UNIQUE KEY `UK_hby25rpnay6vu2dgjpdxkn1lx` (`username`)
) ENGINE=InnoDB AUTO_INCREMENT=3 DEFAULT CHARSET=utf8 COLLATE=utf8_bin;

-- ----------------------------
--  Records of `s_admin`
-- ----------------------------
BEGIN;
INSERT INTO `s_admin` VALUES ('1', 'admin@gmail.com', '7d95bf3f5a14d7adeeda2f5931edf72b', 'admin@gmail.com'), ('2', 'csadmin@unsw.edu.au', '450b017a795c90647d890d37cb43c996', 'csadmin@unsw.edu.au');
COMMIT;

-- ----------------------------
--  Table structure for `s_answer`
-- ----------------------------
DROP TABLE IF EXISTS `s_answer`;
CREATE TABLE `s_answer` (
  `id` int(11) NOT NULL AUTO_INCREMENT,
  `content` varchar(10000) DEFAULT NULL,
  `createAt` bigint(20) DEFAULT NULL,
  `sessionId` varchar(255) DEFAULT NULL,
  `doctorid` int(11) DEFAULT NULL,
  `patientid` int(11) DEFAULT NULL,
  `surveyid` int(11) DEFAULT NULL,
  `teacherid` int(11) DEFAULT NULL,
  `receiptNo` varchar(30) DEFAULT NULL,
  PRIMARY KEY (`id`),
  KEY `FK_t4i9otxjj57vcu1w7gkfhx1fw` (`doctorid`),
  KEY `FK_830r3ixr91sq4kxy4xsc7jqkh` (`patientid`),
  KEY `FK_iqgh61c7ckyeldb775nswsa01` (`surveyid`),
  KEY `FK_gkqhg8ll0vfduw6wg0t4nlib4` (`teacherid`),
  CONSTRAINT `FK_830r3ixr91sq4kxy4xsc7jqkh` FOREIGN KEY (`patientid`) REFERENCES `patient` (`patientid`),
  CONSTRAINT `FK_gkqhg8ll0vfduw6wg0t4nlib4` FOREIGN KEY (`teacherid`) REFERENCES `teacher` (`teacherId`),
  CONSTRAINT `FK_iqgh61c7ckyeldb775nswsa01` FOREIGN KEY (`surveyid`) REFERENCES `s_survey` (`id`),
  CONSTRAINT `FK_t4i9otxjj57vcu1w7gkfhx1fw` FOREIGN KEY (`doctorid`) REFERENCES `doctor` (`doctorId`)
) ENGINE=InnoDB AUTO_INCREMENT=12776 DEFAULT CHARSET=utf8;

-- ----------------------------
--  Table structure for `s_question`
-- ----------------------------
DROP TABLE IF EXISTS `s_question`;
CREATE TABLE `s_question` (
  `id` int(11) NOT NULL AUTO_INCREMENT,
  `description` varchar(10000) COLLATE utf8_bin NOT NULL,
  `orderOfOptions` varchar(255) COLLATE utf8_bin DEFAULT NULL,
  `title` varchar(255) COLLATE utf8_bin NOT NULL,
  `typeS` varchar(255) COLLATE utf8_bin DEFAULT NULL,
  `type` int(11) DEFAULT NULL,
  `isCompulsory` int(11) DEFAULT NULL,
  PRIMARY KEY (`id`),
  KEY `FK_fcr39hn99hv06v1w65tvut69l` (`type`),
  CONSTRAINT `FK_fcr39hn99hv06v1w65tvut69l` FOREIGN KEY (`type`) REFERENCES `s_questiontype` (`id`)
) ENGINE=InnoDB AUTO_INCREMENT=144 DEFAULT CHARSET=utf8 COLLATE=utf8_bin;

-- ----------------------------
--  Records of `s_question`
-- ----------------------------
BEGIN;
INSERT INTO `s_question` VALUES ('1', '', '1380,1381,1382,1383', '1. Provide structure', 'LIKERT', '5', '1'), ('2', '', '1424,1425,1426,1427,1428', 'Please consider how well the students achieved these criterion, and then mark any descriptors that <font style=\'color:red\'>were not achieved</font>', 'CHECKBOX', '4', '0'), ('4', '', '1389,1390,1391,1392', '2. Gather information', 'LIKERT', '5', '1'), ('5', '', '1474,1475,1476,1477,1478', 'Please consider how well the students achieved these criterion, and then mark any descriptors that <font style=\'color:red\'>were not achieved</font>', 'CHECKBOX', '4', '0'), ('7', '', '1403,1404,1405,1406', '3. Build relationships & developing rapport', 'LIKERT', '5', '1'), ('8', '', '1484,1485,1486,1487,1488', 'Please consider how well the students achieved these criterion, and then mark any descriptors that <font style=\'color:red\'>were not achieved</font>', 'CHECKBOX', '4', '0'), ('10', '', '1412,1413,1414,1415', '4. Ensure a shared understanding of patient\'s needs and perspective/impact of problem', 'LIKERT', '5', '1'), ('11', '', '1501,1502,1503,1504', 'Please consider how well the students achieved these criterion, and then mark any descriptors that <font style=\'color:red\'>were not achieved</font>', 'CHECKBOX', '4', '0'), ('13', '', null, 'Please provide any further overall or specific feedback to the student:', 'TEXTAREA', '2', '0'), ('15', '', null, 'Issues with the system:', 'TEXTAREA', '2', '1'), ('25', '1 =  very bad,  7 =  very good', '929,930,931,932,933,934,935', 'Do you think you are a good communicator?', 'LIKERT', '5', '1'), ('27', 'Nonverbal behaviours likes sound volume, body gestures, and etc.', null, 'What are the 5 most important nonverbal behaviours?', 'TEXTAREA', '2', '1'), ('28', '', null, 'What are your strengths/weaknesses in communication?', 'TEXTAREA', '2', '1'), ('29', '', null, 'Have you had a particularly good or bad communication interaction, and why do you think this happened?', 'TEXTAREA', '2', '1'), ('30', '', null, 'Please inform us of any concerns you have regarding this system.', 'TEXTAREA', '2', '0'), ('31', '', null, 'What do you remember about the interview? ', 'TEXTAREA', '2', '1'), ('32', '', null, 'Did you feel that you communication was particularly good at any points? If so, describe them and why?', 'TEXTAREA', '2', '1'), ('33', '', null, 'Were there any times when you felt you were not communicating well? If so, describe them and why?', 'TEXTAREA', '2', '1'), ('34', '', null, 'Did you remember any of your nonverbal behaviours during this session?', 'TEXTAREA', '2', '1'), ('35', '1 = very weak,  7 =  very strong', '1097,1098,1099,1100,1101,1102,1103', 'How confident do you feel now about your communication skills?', 'LIKERT', '5', '1'), ('36', '', null, 'You said these were the 5 most important behaviours. Do you think that is still true?', 'TEXTAREA', '2', '1'), ('37', '1 = strongly disagree,  7 = strongly agree ', '619,620,621,622,623,624,625', 'This scenario was appropriate and useful for my learning.', 'LIKERT', '5', '1'), ('38', '1 = strongly disagree,  7 = strongly agree', '626,627,628,629,630,631,632', 'The simulated patient was an appropriate representation of a patient.', 'LIKERT', '5', '1'), ('39', '', null, 'Did you agree with the SOCA evaluation? Explain your response.', 'TEXTAREA', '2', '1'), ('40', '', null, 'What three things will you focu on to develop in your communication skills?', 'TEXTAREA', '2', '1'), ('41', 'Skills to focus on', '1567,1568,1569,1570', 'Overall Feedback', 'CHECKBOX', '4', '0'), ('42', '1 = strongly disagree,  7 = strongly agree', '1252,1253,1254,1255,1256,1257,1258', 'The system feedback information was informative.', 'LIKERT', '5', '1'), ('43', '1 = strongly disagree,  7 = strongly agree', '1259,1260,1261,1262,1263,1264,1265', 'The system feedback information was clear.', 'LIKERT', '5', '1'), ('44', '1 = extremely weak,  7 = extremely strong', '668,669,670,671,672,673,674', 'To what extent do you think the nonverbal feedback information will help you develop as a medical student? ', 'LIKERT', '5', '1'), ('45', '1 = strongly disagree,  7 = strongly agree', '1266,1267,1268,1269,1270,1271,1272', 'I will change my communication behaviour with patients after seeing the system feedback information.\n', 'LIKERT', '5', '1'), ('46', '', '1953,1954,1955,1956,1957,1958,1959,1960,1961,1962,1963', 'Which sections of the nonverbal behaviour feedback information were most helpful for you?', 'CHECKBOX', '4', '1'), ('47', '', '1942,1943,1944,1945,1946,1947,1948,1949,1950,1951,1952', 'Which sections of the nonverbal behaviour feedback information were least helpful for you?', 'CHECKBOX', '4', '1'), ('48', '', '682,683,684,685,686,687,688', 'To what extent would you be open to using the nonverbal feedback system again?', 'LIKERT', '5', '1'), ('49', '', null, 'Do you have any further comments to help us improve the system?', 'TEXTAREA', '2', '1'), ('50', '', '2015,2016', 'Did you experience any network interruptions during this consultation?', 'RADIO', '3', '0'), ('51', '1 =  very hard,  7 = very easy  ', '1104,1105,1106,1107,1108,1109,1110', 'This system is easy to use.', 'LIKERT', '5', '1'), ('52', '1 = strongly disagree,  7 = strongly agree', '892,893,894,895,896,897,898', 'Non verbal behaviors have a significant effect on medical communication.', 'LIKERT', '5', '1'), ('53', '1 = strongly disagree,  7 = strongly agree', '885,886,887,888,889,890,891', 'Verbal content is the main factor that affects medical communication.', 'LIKERT', '5', '1'), ('54', '', null, 'What do you think are the 3 main non verbal behaviors that affect medical communication? ', 'TEXTAREA', '2', '1'), ('55', '1 = very poor,  7 = excellent', '899,900,901,902,903,904,905', 'Rate your overall communication skills.', 'LIKERT', '5', '1'), ('56', '', null, 'Are there any specific communication skills you would like to work on?', 'TEXTAREA', '2', '1'), ('57', '', null, 'Which communication skills are you going to work on?', 'TEXTAREA', '2', '1'), ('58', '1 = strongly disagree,  7 = strongly agree', '871,872,873,874,875,876,877', 'I feel comfortable using this system.', 'LIKERT', '5', '1'), ('59', '1 = strongly disagree,  7 = strongly agree', '864,865,866,867,868,869,870', 'The information provided with this system is clear.', 'LIKERT', '5', '1'), ('60', '1 = strongly disagree,  7 = strongly agree', '857,858,859,860,861,862,863', 'The structure of this system is clear.', 'LIKERT', '5', '1'), ('61', '1 = strongly disagree,  7 = strongly agree', '850,851,852,853,854,855,856', 'I like using the interface of this system.', 'LIKERT', '5', '1'), ('62', '1 = strongly disagree,  7 = strongly agree', '1070,1071,1072,1073,1074,1075,1076', 'Whenever I make a mistake using the system, the system made it easy to get back to where I wanted.', 'LIKERT', '5', '1'), ('63', '1 = strongly disagree,  7 = strongly agree', '878,879,880,881,882,883,884', 'The process was a good use of my time.', 'LIKERT', '5', '1'), ('64', '', null, 'How you felt the interview went for you at the time?', 'TEXTAREA', '2', '1'), ('65', '', null, 'How this compares with the grade and comments entered by the assessor?', 'TEXTAREA', '2', '1'), ('66', '', null, 'What this means to you for how you will continue to develop your communication skills?', 'TEXTAREA', '2', '1'), ('67', '', null, 'Please provide any further comments on your SP experience.', 'TEXTAREA', '2', '0'), ('68', '1 = very unconfident,  7 = very confident', '497,498,499,500,501,502,503', 'How confident do you feel now about your communication skills?', 'LIKERT', '5', '1'), ('69', '1 = 10%,  9 = 90%', '1180,1181,1182,1183,1184,1185,1186,1187,1188', 'Please estimate the percentage of time you spoke during the interview.', 'LIKERT', '5', '1'), ('70', '1 = very soft,  7 = very loud', '1273,1274,1275,1276,1277,1278,1279', 'Please estimate the volume of your voice during the interview.', 'LIKERT', '5', '1'), ('71', '1 = never,  7 = very often', '1196,1197,1198,1199,1200,1201,1202', 'Please estimate how often you smiled during the interview.', 'LIKERT', '5', '1'), ('72', '1 = never,  7 = very often', '1203,1204,1205,1206,1207,1208,1209', 'Please estimate how often you frowned during the interview.', 'LIKERT', '5', '1'), ('73', '1 = never,  7 = very often', '1210,1211,1212,1213,1214,1215,1216', 'Please estimate how often you nodded during the interview.', 'LIKERT', '5', '1'), ('74', '1 = never,  7 = very often', '1217,1218,1219,1220,1221,1222,1223', 'Please estimate how often you shook your head during the interview.', 'LIKERT', '5', '1'), ('75', '1 = never,  7 = very often', '1224,1225,1226,1227,1228,1229,1230', 'Please estimate how often you moved your body during the interview.', 'LIKERT', '5', '1'), ('76', '1 = never,  7 = very often', '1231,1232,1233,1234,1235,1236,1237', 'Please estimate how often you interrupted the simulated patient during the interview.', 'LIKERT', '5', '1'), ('77', '\n', '1533,1534,1535', 'Please evaluate your performance on providing structure.', 'LIKERT', '5', '1'), ('78', '', '1559,1560,1561,1562,1563', 'Please consider how well you achieved this criterion, and then mark any descriptors that <font style=\'color:red\'>you did NOT achieved</font>', 'CHECKBOX', '4', '0'), ('79', '', '1536,1537,1538', 'Please evaluate your performance on gathering information.', 'LIKERT', '5', '1'), ('80', '', '1554,1555,1556,1557,1558', 'Please consider how well you achieved this criterion, and then mark any descriptors that <font style=\'color:red\'>you did NOT achieved</font>', 'CHECKBOX', '4', '0'), ('81', '', '1542,1543,1544', 'Please evaluate your performance on building relationships and developing rapport.', 'LIKERT', '5', '1'), ('82', '', '1549,1550,1551,1552,1553', 'Please consider how well you achieved this criterion, and then mark any descriptors that <font style=\'color:red\'>you did NOT achieved</font>', 'CHECKBOX', '4', '0'), ('83', '', '1539,1540,1541', 'Please evaluate your performance on ensuring a shared understanding of patient\'s needs and perspective/impact of problem.', 'LIKERT', '5', '1'), ('84', '', '1545,1546,1547,1548', 'Please consider how well you achieved this criterion, and then mark any descriptors that <font style=\'color:red\'>you did NOT achieved</font>', 'CHECKBOX', '4', '0'), ('86', '1 = very hard,  7 = very easy', '922,923,924,925,926,927,928', 'Were the instructions in this system easy to understand?', 'LIKERT', '5', '1'), ('87', '1 = low modulation,  7 = high modulation', '1280,1281,1282,1283,1284,1285,1286', 'Please evaluate the pitch of your voice during the interview.', 'LIKERT', '5', '1'), ('88', '1 = not at all true, 7 = very true', '1571,1572,1573,1574,1575,1576,1577', 'I will participate actively in the communication skill classes because I feel like it\'s a good way to improve my skills and my understanding of patients.', 'LIKERT', '5', '1'), ('89', '1 = not at all true, 7 = very true', '1578,1579,1580,1581,1582,1583,1584', 'I will participate actively in the communication skill classes because others would think badly of me if I didn\'t.', 'LIKERT', '5', '1'), ('90', '1 = not at all true, 7 = very true', '1585,1586,1587,1588,1589,1590,1591', 'I will participate actively in the communication skill classes because learning to interview well is an important part of becoming a doctor.', 'LIKERT', '5', '1'), ('91', '1 = not at all true, 7 = very true', '1592,1593,1594,1595,1596,1597,1598', 'I will participate actively in the communication skill classes because I would feel bad about myself if I didn\'t study this approach.', 'LIKERT', '5', '1'), ('92', '1 = not at all true, 7 = very true', '1599,1600,1601,1602,1603,1604,1605', 'I am likely to follow my instructor\'s suggestions for interviewing because I would get a good grade if I do what he/she suggests.', 'LIKERT', '5', '1'), ('93', '1 = not at all true, 7 = very true', '1606,1607,1608,1609,1610,1611,1612', 'I am likely to follow my instructor\'s suggestions for interviewing because I believe my instructor\'s suggestions will help me interview effectively.', 'LIKERT', '5', '1'), ('94', '1 = not at all true, 7 = very true', '1613,1614,1615,1616,1617,1618,1619', 'I am likely to follow my instructor\'s suggestions for interviewing because I want others to think that I am a good interviewer.', 'LIKERT', '5', '1'), ('95', '1 = not at all true, 7 = very true', '1620,1621,1622,1623,1624,1625,1626', 'I am likely to follow my instructor\'s suggestions for interviewing because it\'s easier to do what I\'m told than to think about it.', 'LIKERT', '5', '1'), ('96', '1 = not at all true, 7 = very true', '1627,1628,1629,1630,1631,1632,1633', 'I am likely to follow my instructor\'s suggestions for interviewing because it\'s important to me to do well at this.', 'LIKERT', '5', '1'), ('97', '1 = not at all true, 7 = very true', '1634,1635,1636,1637,1638,1639,1640', 'I am likely to follow my instructor\'s suggestions for interviewing because I would probably feel guilty if I didn\'t comply with my instructor\'s suggestions.', 'LIKERT', '5', '1'), ('98', '1 = not at all true, 7 = very true', '1641,1642,1643,1644,1645,1646,1647', 'The reason that I will continue to broaden my interviewing skills is because it\'s exciting to try new ways to work interpersonally with my patients.', 'LIKERT', '5', '1'), ('99', '1 = not at all true, 7 = very true', '1648,1649,1650,1651,1652,1653,1654', 'The reason that I will continue to broaden my interviewing skills is because I will feel proud if I continue to improve at interviewing.', 'LIKERT', '5', '1'), ('100', '1 = not at all true, 7 = very true', '1655,1656,1657,1658,1659,1660,1661', 'The reason that I will continue to broaden my interviewing skills is because it\'s a challenge to really understand what the patient is experiencing.', 'LIKERT', '5', '1'), ('101', '1 = not at all true, 7 = very true', '1662,1663,1664,1665,1666,1667,1668', 'The reason that I will continue to broaden my interviewing skills is because it\'s interesting to use the interview to try to think about what disease the patient has.', 'LIKERT', '5', '1'), ('102', '1 = not at all true, 7 = very true', '1669,1670,1671,1672,1673,1674,1675', 'I feel that the OSPIA platform provides me choices and options.', 'LIKERT', '5', '1'), ('103', '1 = not at all true, 7 = very true', '1676,1677,1678,1679,1680,1681,1682', 'I feel OSPIA addresses issues that matter to me.', 'LIKERT', '5', '1'), ('104', '1 = not at all true, 7 = very true', '1683,1684,1685,1686,1687,1688,1689', 'Having used the OSPIA platform I feel confident in my ability to do well in communication skills.', 'LIKERT', '5', '1'), ('105', '1 = not at all true, 7 = very true', '1690,1691,1692,1693,1694,1695,1696', 'When using the OSPIA platform I understood the goals that I was trying to achieve and what I needed to do.', 'LIKERT', '5', '1'), ('106', '1 = not at all true, 7 = very true', '1697,1698,1699,1700,1701,1702,1703', 'OSPIA interactions and the feedback the platform highlight my ability to learn communication skills.', 'LIKERT', '5', '1'), ('107', '1 = not at all true, 7 = very true', '1704,1705,1706,1707,1708,1709,1710', 'The OSPIA platform allows me to do things my way.', 'LIKERT', '5', '1'), ('108', '1 = not at all true, 7 = very true', '1711,1712,1713,1714,1715,1716,1717', 'The software takes into account my particular needs before making suggestions.', 'LIKERT', '5', '1'), ('109', '1 = not at all true, 7 = very true', '1718,1719,1720,1721,1722,1723,1724', 'The way the OSPIA platform uses emails to re-engage with the platform feels controlling.', 'LIKERT', '5', '1'), ('110', '1 = strongly disagree, 7 = strongly agree', '1767,1768,1769,1770,1771,1772,1773', 'I feel that the student has provided me choices and options about what to discuss in the history taking.', 'LIKERT', '5', '1'), ('111', '1 = strongly disagree, 7 = strongly agree', '1774,1775,1776,1777,1778,1779,1780', 'I feel understood by the student.', 'LIKERT', '5', '1'), ('112', '1 = strongly disagree, 7 = strongly agree', '1781,1782,1783,1784,1785,1786,1787', 'The student conveys confidence in my ability to guide the conversation in the history taking.', 'LIKERT', '5', '1'), ('113', '1 = strongly disagree, 7 = strongly agree', '1788,1789,1790,1791,1792,1793,1794', 'The student encourages me to ask questions.', 'LIKERT', '5', '1'), ('114', '1 = strongly disagree, 7 = strongly agree', '1795,1796,1797,1798,1799,1800,1801', 'The student listens to how I would like to do things.', 'LIKERT', '5', '1'), ('115', '1 = strongly disagree, 7 = strongly agree', '1802,1803,1804,1805,1806,1807,1808', 'The student tries to understand how I see things in the history taking before asking more focused questions.', 'LIKERT', '5', '1'), ('116', '1 = strongly disagree, 7 = strongly agree', '1809,1810,1811,1812,1813,1814,1815', 'I feel that I have provided the simulated patient choices and options about what to discuss in the history taking. ', 'LIKERT', '5', '1'), ('117', '1 = strongly disagree, 7 = strongly agree', '1816,1817,1818,1819,1820,1821,1822', 'I feel that I understood the simulated patient.', 'LIKERT', '5', '1'), ('118', '1 = strongly disagree, 7 = strongly agree', '1823,1824,1825,1826,1827,1828,1829', 'I convey confidence in the simulated patient\'s ability to guide the conversation in the history taking.', 'LIKERT', '5', '1'), ('119', '1 = strongly disagree, 7 = strongly agree', '1830,1831,1832,1833,1834,1835,1836', 'I encourage the simulated patient to ask questions.', 'LIKERT', '5', '1'), ('120', '1 = strongly disagree, 7 = strongly agree', '1837,1838,1839,1840,1841,1842,1843', 'I listen to how the simulated patient would like to do things.', 'LIKERT', '5', '1'), ('121', '1 = strongly disagree, 7 = strongly agree', '1844,1845,1846,1847,1848,1849,1850', 'I try to understand how the simulated patient sees things in the history taking before asking more focused questions.', 'LIKERT', '5', '1'), ('122', '1 = strongly disagree, 7 = strongly agree', '1851,1852,1853,1854,1855,1856,1857', 'The student provided the simulated patients choices and options.', 'LIKERT', '5', '1'), ('123', '1 = strongly disagree, 7 = strongly agree', '1858,1859,1860,1861,1862,1863,1864', 'The student understood the simulated patient.', 'LIKERT', '5', '1'), ('124', '1 = strongly disagree, 7 = strongly agree', '1865,1866,1867,1868,1869,1870,1871', 'The student conveys confidence in the simulated patient’s ability to make changes.', 'LIKERT', '5', '1'), ('125', '1 = strongly disagree, 7 = strongly agree', '1872,1873,1874,1875,1876,1877,1878', 'The student encourages the simulated patient to ask questions.', 'LIKERT', '5', '1'), ('126', '1 = strongly disagree, 7 = strongly agree', '1879,1880,1881,1882,1883,1884,1885', 'The student listens to how the simulated patient would like to do things.', 'LIKERT', '5', '1'), ('127', '1 = strongly disagree, 7 = strongly agree', '1886,1887,1888,1889,1890,1891,1892', 'The student tries to understand how the simulated patient sees things before suggesting a new way to do things.', 'LIKERT', '5', '1'), ('128', '', null, 'Please estimate the number of times you raised the volume of your voice during the clinical interview.', 'TEXTFIELD', '1', '1'), ('129', '', null, 'Please evaluate how the number of times you raised the pitch of your voice during the clinical interview.', 'TEXTFIELD', '1', '1'), ('130', '', null, 'Please estimate the number of times you interrupted the simulated patient during the clinical interview.', 'TEXTFIELD', '1', '1'), ('131', '', null, 'Please estimate the number of times you smiled during the clinical interview. ', 'TEXTFIELD', '1', '1'), ('132', '', null, 'Please estimate the number of times you frowned during the clinical interview.', 'TEXTFIELD', '1', '1'), ('133', '', null, 'Please estimate the number of times you nodded during the clinical interview. ', 'TEXTFIELD', '1', '1'), ('134', '', null, 'Please estimate the number of times you shook your head during the clinical interview.', 'TEXTFIELD', '1', '1'), ('135', '', null, 'Please estimate the number of times you leaned your body forward or backward during the clinical interview.', 'TEXTFIELD', '1', '1'), ('136', '', null, 'Please estimate the number of times you did not look at the simulated patient on the screen during the clinical interview.', 'TEXTFIELD', '1', '1'), ('137', '', null, 'Please estimate the number of times you obviously tilted your head during the clinical interview.', 'TEXTFIELD', '1', '1'), ('138', '(you can select multiple) ', '1981,1982,1983', 'Which feedback components you think were helpful to you? ', 'CHECKBOX', '4', '1'), ('139', '1 = strongly disagree, 7 = strongly agree', '2017,2018,2019,2020,2021,2022,2023', 'I felt distracted when I provided feedback (the thumbs up/down evaluations and real-time written comments) to the student during the interview.', 'LIKERT', '5', '0'), ('140', '1 = strongly disagree, 7 = strongly agree', '2024,2025,2026,2027,2028,2029,2030', 'It was hard, mentally, to provide feedback (the thumbs up/down evaluations and real-time written comments) during the interview.', 'LIKERT', '5', '0'), ('142', '', '2009,2010,2011,2012,2013,2014', 'Age', 'RADIO', '3', '1'), ('143', 'Take a few moments to think about it and write a short personal message to the simulated patient from this OSPIA session (1-2 sentences, at least a few words) to convey how you feel about them helping you with this session. This question is optional but would be greatly beneficial to you as a way of self-reflection and to understand how others\' contributions are a part of your success. (free text)', null, 'The simulated patients are volunteers that help medical students like you to practice their medical communication skills. This is a selfless task that is performed without any financial or material reimbursement for them. \n', 'TEXTAREA', '2', '0');
COMMIT;

-- ----------------------------
--  Table structure for `s_question_questionoption`
-- ----------------------------
DROP TABLE IF EXISTS `s_question_questionoption`;
CREATE TABLE `s_question_questionoption` (
  `s_question_id` int(11) NOT NULL,
  `options_id` int(11) NOT NULL,
  UNIQUE KEY `UK_b4k9mx6haxga1j20mjx0u2gvf` (`options_id`),
  KEY `FK_oc9qy0nbyppqkusouiurcpajl` (`s_question_id`),
  CONSTRAINT `FK_b4k9mx6haxga1j20mjx0u2gvf` FOREIGN KEY (`options_id`) REFERENCES `s_questionoption` (`id`),
  CONSTRAINT `FK_oc9qy0nbyppqkusouiurcpajl` FOREIGN KEY (`s_question_id`) REFERENCES `s_question` (`id`)
) ENGINE=InnoDB DEFAULT CHARSET=utf8 COLLATE=utf8_bin;

-- ----------------------------
--  Records of `s_question_questionoption`
-- ----------------------------
BEGIN;
INSERT INTO `s_question_questionoption` VALUES ('1', '1380'), ('1', '1381'), ('1', '1382'), ('1', '1383'), ('2', '1514'), ('2', '1515'), ('2', '1516'), ('2', '1517'), ('2', '1518'), ('4', '1389'), ('4', '1390'), ('4', '1391'), ('4', '1392'), ('5', '1519'), ('5', '1520'), ('5', '1521'), ('5', '1522'), ('5', '1523'), ('7', '1403'), ('7', '1404'), ('7', '1405'), ('7', '1406'), ('8', '1524'), ('8', '1525'), ('8', '1526'), ('8', '1527'), ('8', '1528'), ('10', '1412'), ('10', '1413'), ('10', '1414'), ('10', '1415'), ('11', '1529'), ('11', '1530'), ('11', '1531'), ('11', '1532'), ('25', '929'), ('25', '930'), ('25', '931'), ('25', '932'), ('25', '933'), ('25', '934'), ('25', '935'), ('35', '1097'), ('35', '1098'), ('35', '1099'), ('35', '1100'), ('35', '1101'), ('35', '1102'), ('35', '1103'), ('37', '619'), ('37', '620'), ('37', '621'), ('37', '622'), ('37', '623'), ('37', '624'), ('37', '625'), ('38', '626'), ('38', '627'), ('38', '628'), ('38', '629'), ('38', '630'), ('38', '631'), ('38', '632'), ('41', '1567'), ('41', '1568'), ('41', '1569'), ('41', '1570'), ('42', '1252'), ('42', '1253'), ('42', '1254'), ('42', '1255'), ('42', '1256'), ('42', '1257'), ('42', '1258'), ('43', '1259'), ('43', '1260'), ('43', '1261'), ('43', '1262'), ('43', '1263'), ('43', '1264'), ('43', '1265'), ('44', '668'), ('44', '669'), ('44', '670'), ('44', '671'), ('44', '672'), ('44', '673'), ('44', '674'), ('45', '1266'), ('45', '1267'), ('45', '1268'), ('45', '1269'), ('45', '1270'), ('45', '1271'), ('45', '1272'), ('46', '1953'), ('46', '1954'), ('46', '1955'), ('46', '1956'), ('46', '1957'), ('46', '1958'), ('46', '1959'), ('46', '1960'), ('46', '1961'), ('46', '1962'), ('46', '1963'), ('47', '1942'), ('47', '1943'), ('47', '1944'), ('47', '1945'), ('47', '1946'), ('47', '1947'), ('47', '1948'), ('47', '1949'), ('47', '1950'), ('47', '1951'), ('47', '1952'), ('48', '682'), ('48', '683'), ('48', '684'), ('48', '685'), ('48', '686'), ('48', '687'), ('48', '688'), ('50', '2015'), ('50', '2016'), ('51', '1104'), ('51', '1105'), ('51', '1106'), ('51', '1107'), ('51', '1108'), ('51', '1109'), ('51', '1110'), ('52', '892'), ('52', '893'), ('52', '894'), ('52', '895'), ('52', '896'), ('52', '897'), ('52', '898'), ('53', '885'), ('53', '886'), ('53', '887'), ('53', '888'), ('53', '889'), ('53', '890'), ('53', '891'), ('55', '899'), ('55', '900'), ('55', '901'), ('55', '902'), ('55', '903'), ('55', '904'), ('55', '905'), ('58', '871'), ('58', '872'), ('58', '873'), ('58', '874'), ('58', '875'), ('58', '876'), ('58', '877'), ('59', '864'), ('59', '865'), ('59', '866'), ('59', '867'), ('59', '868'), ('59', '869'), ('59', '870'), ('60', '857'), ('60', '858'), ('60', '859'), ('60', '860'), ('60', '861'), ('60', '862'), ('60', '863'), ('61', '850'), ('61', '851'), ('61', '852'), ('61', '853'), ('61', '854'), ('61', '855'), ('61', '856'), ('62', '1070'), ('62', '1071'), ('62', '1072'), ('62', '1073'), ('62', '1074'), ('62', '1075'), ('62', '1076'), ('63', '878'), ('63', '879'), ('63', '880'), ('63', '881'), ('63', '882'), ('63', '883'), ('63', '884'), ('68', '497'), ('68', '498'), ('68', '499'), ('68', '500'), ('68', '501'), ('68', '502'), ('68', '503'), ('69', '1180'), ('69', '1181'), ('69', '1182'), ('69', '1183'), ('69', '1184'), ('69', '1185'), ('69', '1186'), ('69', '1187'), ('69', '1188'), ('70', '1273'), ('70', '1274'), ('70', '1275'), ('70', '1276'), ('70', '1277'), ('70', '1278'), ('70', '1279'), ('71', '1196'), ('71', '1197'), ('71', '1198'), ('71', '1199'), ('71', '1200'), ('71', '1201'), ('71', '1202'), ('72', '1203'), ('72', '1204'), ('72', '1205'), ('72', '1206'), ('72', '1207'), ('72', '1208'), ('72', '1209'), ('73', '1210'), ('73', '1211'), ('73', '1212'), ('73', '1213'), ('73', '1214'), ('73', '1215'), ('73', '1216'), ('74', '1217'), ('74', '1218'), ('74', '1219'), ('74', '1220'), ('74', '1221'), ('74', '1222'), ('74', '1223'), ('75', '1224'), ('75', '1225'), ('75', '1226'), ('75', '1227'), ('75', '1228'), ('75', '1229'), ('75', '1230'), ('76', '1231'), ('76', '1232'), ('76', '1233'), ('76', '1234'), ('76', '1235'), ('76', '1236'), ('76', '1237'), ('77', '1533'), ('77', '1534'), ('77', '1535'), ('78', '1559'), ('78', '1560'), ('78', '1561'), ('78', '1562'), ('78', '1563'), ('79', '1536'), ('79', '1537'), ('79', '1538'), ('80', '1554'), ('80', '1555'), ('80', '1556'), ('80', '1557'), ('80', '1558'), ('81', '1542'), ('81', '1543'), ('81', '1544'), ('82', '1549'), ('82', '1550'), ('82', '1551'), ('82', '1552'), ('82', '1553'), ('83', '1539'), ('83', '1540'), ('83', '1541'), ('84', '1545'), ('84', '1546'), ('84', '1547'), ('84', '1548'), ('86', '922'), ('86', '923'), ('86', '924'), ('86', '925'), ('86', '926'), ('86', '927'), ('86', '928'), ('87', '1280'), ('87', '1281'), ('87', '1282'), ('87', '1283'), ('87', '1284'), ('87', '1285'), ('87', '1286'), ('88', '1571'), ('88', '1572'), ('88', '1573'), ('88', '1574'), ('88', '1575'), ('88', '1576'), ('88', '1577'), ('89', '1578'), ('89', '1579'), ('89', '1580'), ('89', '1581'), ('89', '1582'), ('89', '1583'), ('89', '1584'), ('90', '1585'), ('90', '1586'), ('90', '1587'), ('90', '1588'), ('90', '1589'), ('90', '1590'), ('90', '1591'), ('91', '1592'), ('91', '1593'), ('91', '1594'), ('91', '1595'), ('91', '1596'), ('91', '1597'), ('91', '1598'), ('92', '1599'), ('92', '1600'), ('92', '1601'), ('92', '1602'), ('92', '1603'), ('92', '1604'), ('92', '1605'), ('93', '1606'), ('93', '1607'), ('93', '1608'), ('93', '1609'), ('93', '1610'), ('93', '1611'), ('93', '1612'), ('94', '1613'), ('94', '1614'), ('94', '1615'), ('94', '1616'), ('94', '1617'), ('94', '1618'), ('94', '1619'), ('95', '1620'), ('95', '1621'), ('95', '1622'), ('95', '1623'), ('95', '1624'), ('95', '1625'), ('95', '1626'), ('96', '1627'), ('96', '1628'), ('96', '1629'), ('96', '1630'), ('96', '1631'), ('96', '1632'), ('96', '1633'), ('97', '1634'), ('97', '1635'), ('97', '1636'), ('97', '1637'), ('97', '1638'), ('97', '1639'), ('97', '1640'), ('98', '1641'), ('98', '1642'), ('98', '1643'), ('98', '1644'), ('98', '1645'), ('98', '1646'), ('98', '1647'), ('99', '1648'), ('99', '1649'), ('99', '1650'), ('99', '1651'), ('99', '1652'), ('99', '1653'), ('99', '1654'), ('100', '1655'), ('100', '1656'), ('100', '1657'), ('100', '1658'), ('100', '1659'), ('100', '1660'), ('100', '1661'), ('101', '1662'), ('101', '1663'), ('101', '1664'), ('101', '1665'), ('101', '1666'), ('101', '1667'), ('101', '1668'), ('102', '1669'), ('102', '1670'), ('102', '1671'), ('102', '1672'), ('102', '1673'), ('102', '1674'), ('102', '1675'), ('103', '1676'), ('103', '1677'), ('103', '1678'), ('103', '1679'), ('103', '1680'), ('103', '1681'), ('103', '1682'), ('104', '1683'), ('104', '1684'), ('104', '1685'), ('104', '1686'), ('104', '1687'), ('104', '1688'), ('104', '1689'), ('105', '1690'), ('105', '1691'), ('105', '1692'), ('105', '1693'), ('105', '1694'), ('105', '1695'), ('105', '1696'), ('106', '1697'), ('106', '1698'), ('106', '1699'), ('106', '1700'), ('106', '1701'), ('106', '1702'), ('106', '1703'), ('107', '1704'), ('107', '1705'), ('107', '1706'), ('107', '1707'), ('107', '1708'), ('107', '1709'), ('107', '1710'), ('108', '1711'), ('108', '1712'), ('108', '1713'), ('108', '1714'), ('108', '1715'), ('108', '1716'), ('108', '1717'), ('109', '1718'), ('109', '1719'), ('109', '1720'), ('109', '1721'), ('109', '1722'), ('109', '1723'), ('109', '1724'), ('110', '1767'), ('110', '1768'), ('110', '1769'), ('110', '1770'), ('110', '1771'), ('110', '1772'), ('110', '1773'), ('111', '1774'), ('111', '1775'), ('111', '1776'), ('111', '1777'), ('111', '1778'), ('111', '1779'), ('111', '1780'), ('112', '1781'), ('112', '1782'), ('112', '1783'), ('112', '1784'), ('112', '1785'), ('112', '1786'), ('112', '1787'), ('113', '1788'), ('113', '1789'), ('113', '1790'), ('113', '1791'), ('113', '1792'), ('113', '1793'), ('113', '1794'), ('114', '1795'), ('114', '1796'), ('114', '1797'), ('114', '1798'), ('114', '1799'), ('114', '1800'), ('114', '1801'), ('115', '1802'), ('115', '1803'), ('115', '1804'), ('115', '1805'), ('115', '1806'), ('115', '1807'), ('115', '1808'), ('116', '1809'), ('116', '1810'), ('116', '1811'), ('116', '1812'), ('116', '1813'), ('116', '1814'), ('116', '1815'), ('117', '1816'), ('117', '1817'), ('117', '1818'), ('117', '1819'), ('117', '1820'), ('117', '1821'), ('117', '1822'), ('118', '1823'), ('118', '1824'), ('118', '1825'), ('118', '1826'), ('118', '1827'), ('118', '1828'), ('118', '1829'), ('119', '1830'), ('119', '1831'), ('119', '1832'), ('119', '1833'), ('119', '1834'), ('119', '1835'), ('119', '1836'), ('120', '1837'), ('120', '1838'), ('120', '1839'), ('120', '1840'), ('120', '1841'), ('120', '1842'), ('120', '1843'), ('121', '1844'), ('121', '1845'), ('121', '1846'), ('121', '1847'), ('121', '1848'), ('121', '1849'), ('121', '1850'), ('122', '1851'), ('122', '1852'), ('122', '1853'), ('122', '1854'), ('122', '1855'), ('122', '1856'), ('122', '1857'), ('123', '1858'), ('123', '1859'), ('123', '1860'), ('123', '1861'), ('123', '1862'), ('123', '1863'), ('123', '1864'), ('124', '1865'), ('124', '1866'), ('124', '1867'), ('124', '1868'), ('124', '1869'), ('124', '1870'), ('124', '1871'), ('125', '1872'), ('125', '1873'), ('125', '1874'), ('125', '1875'), ('125', '1876'), ('125', '1877'), ('125', '1878'), ('126', '1879'), ('126', '1880'), ('126', '1881'), ('126', '1882'), ('126', '1883'), ('126', '1884'), ('126', '1885'), ('127', '1886'), ('127', '1887'), ('127', '1888'), ('127', '1889'), ('127', '1890'), ('127', '1891'), ('127', '1892'), ('138', '1981'), ('138', '1982'), ('138', '1983'), ('139', '2017'), ('139', '2018'), ('139', '2019'), ('139', '2020'), ('139', '2021'), ('139', '2022'), ('139', '2023'), ('140', '2024'), ('140', '2025'), ('140', '2026'), ('140', '2027'), ('140', '2028'), ('140', '2029'), ('140', '2030'), ('142', '2009'), ('142', '2010'), ('142', '2011'), ('142', '2012'), ('142', '2013'), ('142', '2014');
COMMIT;

-- ----------------------------
--  Table structure for `s_questionoption`
-- ----------------------------
DROP TABLE IF EXISTS `s_questionoption`;
CREATE TABLE `s_questionoption` (
  `id` int(11) NOT NULL AUTO_INCREMENT,
  `optkey` varchar(255) COLLATE utf8_bin DEFAULT NULL,
  `optvalue` varchar(255) COLLATE utf8_bin DEFAULT NULL,
  `questionid` int(11) DEFAULT NULL,
  PRIMARY KEY (`id`),
  KEY `FK_bl39vvrbvcah4bakh6ilnwba8` (`questionid`),
  CONSTRAINT `FK_bl39vvrbvcah4bakh6ilnwba8` FOREIGN KEY (`questionid`) REFERENCES `s_question` (`id`)
) ENGINE=InnoDB AUTO_INCREMENT=2031 DEFAULT CHARSET=utf8 COLLATE=utf8_bin;

-- ----------------------------
--  Records of `s_questionoption`
-- ----------------------------
BEGIN;
INSERT INTO `s_questionoption` VALUES ('1', 'F', 'F', null), ('2', 'P-', 'P-', null), ('3', 'P', 'P', null), ('4', 'P+', 'P+', null), ('5', 'F', 'F', null), ('6', 'P-', 'P-', null), ('7', 'P', 'P', null), ('8', 'P+', 'P+', null), ('9', 'F', 'F', null), ('10', 'P-', 'P-', null), ('11', 'P', 'P', null), ('12', 'P+', 'P+', null), ('13', 'F', 'F', null), ('14', 'P-', 'P-', null), ('15', 'P', 'P', null), ('16', 'P+', 'P+', null), ('17', 'F', 'F', null), ('18', 'P-', 'P-', null), ('19', 'P', 'P', null), ('20', 'P+', 'P+', null), ('21', 'F', 'F', null), ('22', 'P-', 'P-', null), ('23', 'P', 'P', null), ('24', 'P+', 'P+', null), ('25', 'F', 'F', null), ('26', 'P-', 'P-', null), ('27', 'P', 'P', null), ('28', 'P+', 'P+', null), ('29', 'F', 'F', null), ('30', 'P-', 'P-', null), ('31', 'P', 'P', null), ('32', 'P+', 'P+', null), ('33', 'F', 'F', null), ('34', 'P-', 'P-', null), ('35', 'P', 'P', null), ('36', 'P+', 'P+', null), ('62', '', '', null), ('68', '111', '1', null), ('69', '222', '2', null), ('70', '333', '3', null), ('74', '111', '1', null), ('75', '222', '2', null), ('76', '333', '3', null), ('77', '444', '4', null), ('82', '1', '1', null), ('83', '2', '2', null), ('84', '3', '3', null), ('85', '4', '4', null), ('86', '5', '5', null), ('87', '6', '6', null), ('88', '7', '7', null), ('89', '1', '1', null), ('90', '2', '2', null), ('91', '3', '3', null), ('92', '4', '4', null), ('93', '5', '5', null), ('94', '6', '6', null), ('95', '7', '7', null), ('96', 'Strong disagree', '1', null), ('97', 'Disagree', '2', null), ('98', 'Neutral', '3', null), ('99', 'Agree', '4', null), ('100', 'Strong agree', '5', null), ('101', 'Strong disagree', '1', null), ('102', 'Disagree', '2', null), ('103', 'Neutral', '3', null), ('104', 'Agree', '4', null), ('105', 'Strong Agree', '5', null), ('106', 'F', 'F', null), ('107', 'P-', 'P-', null), ('108', 'P', 'P', null), ('109', 'P+', 'P+', null), ('110', 'A', 'A. Initiates the session appropriately with introductions, defining of the purpose and agenda', null), ('111', 'B', 'B. Clarifies and summarises at key points during the interview', null), ('112', 'C', 'C. Uses transitions and signposting', null), ('113', 'D', 'D. Manages time effectively', null), ('114', 'E', 'E. Closes the session appropriately with a plan and/or summary', null), ('115', 'A. Initiates the session appropriately with introductions, defining of the purpose and agenda', 'A', null), ('116', 'B. Clarifies and summarises at key points during the interview', 'B', null), ('117', 'C. Uses transitions and signposting', 'C', null), ('118', 'D. Manages time effectively', 'D', null), ('119', 'E. Closes the session appropriately', 'E', null), ('120', 'F', 'F', null), ('121', 'P-', 'P-', null), ('122', 'P', 'P', null), ('123', 'P+', 'P+', null), ('124', 'A. Encourages the patient to tell their story in their own words', 'A', null), ('125', 'B. Explores the patient&prime;s problems and perspectives (beliefs, worries, feelings, goals)', 'B', null), ('126', 'C. Uses open questions initially, listens attentively, and then synthesizes closed questions as appropriate', 'C', null), ('127', 'D. Facilitates patient&prime;s responses using encouragement, pause/silence, repetition, paraphrasing, interpretation - with limited interruptions', 'D', null), ('128', 'E. Avoids using jargon and requests clarification and further information where needed', 'E', null), ('129', 'F', 'F', null), ('130', 'P-', 'P-', null), ('131', 'P', 'P', null), ('132', 'P+', 'P+', null), ('133', 'A. Picks up and acknowledges patient&prime;s non-verbal behaviour (e.g. body language, speech, facial expressions, affect)', 'A', null), ('134', 'B. Demonstrates respectful, encouraging and non-controlling non-verbal behavior (eye contact, facial expressions, posture, position, movement) and vocal rate, volume and tone', 'B', null), ('135', 'C. Acknowledges patient&prime;s perspective and efforts to cope and is non-judgemental', 'C', null), ('136', 'D. Is sensitive to uncomfortable topics', 'D', null), ('137', 'E. Involves the patient, and shares own thinking as appropriate - ideas, thought processes, dilemmas', 'E', null), ('138', 'F', 'F', null), ('139', 'P-', 'P-', null), ('140', 'P', 'P', null), ('141', 'P+', 'P+', null), ('142', 'F', 'F', null), ('143', 'P-', 'P-', null), ('144', 'P', 'P', null), ('145', 'P+', 'P+', null), ('146', 'A. Explores impacts, concerns and expectations', 'A', null), ('147', 'B. Relates subsequent questioning and explanations to previously elicited ideas, concerns or expectations', 'B', null), ('148', 'C. Checks interpretation of information with patient - clarifying and asking for any corrections or questions', 'C', null), ('149', 'D. Confirms and clarifies patient understanding', 'D', null), ('150', 'D. Recognises and prioritises patient&prime;s needs', 'E', null), ('151', 'Providing structure', '1', null), ('152', 'Gathering information', '2', null), ('153', 'Building relationships and developing rapport', '3', null), ('154', 'Ensuring a shared understanding with the patient', '4', null), ('155', '1', '1', null), ('156', '2', '2', null), ('157', '3', '3', null), ('158', '4', '4', null), ('159', '5', '5', null), ('160', '6', '6', null), ('161', '7', '7', null), ('162', '1', '1', null), ('163', '2', '2', null), ('164', '3', '3', null), ('165', '4', '4', null), ('166', '5', '5', null), ('167', '6', '6', null), ('168', '7', '7', null), ('169', '1', '1', null), ('170', '2', '2', null), ('171', '3', '3', null), ('172', '4', '4', null), ('173', '5', '5', null), ('174', '6', '6', null), ('175', '7', '7', null), ('176', '1', '1', null), ('177', '2', '2', null), ('178', '3', '3', null), ('179', '4', '4', null), ('180', '5', '5', null), ('181', '6', '6', null), ('182', '7', '7', null), ('183', '1', '1', null), ('184', '2', '2', null), ('185', '3', '3', null), ('186', '4', '4', null), ('187', '5', '5', null), ('188', '6', '6', null), ('189', '7', '7', null), ('190', '1', '1', null), ('191', '2', '2', null), ('192', '3', '3', null), ('193', '4', '4', null), ('194', '5', '5', null), ('195', '6', '6', null), ('196', '7', '7', null), ('197', '1', '1', null), ('198', '2', '2', null), ('199', '3', '3', null), ('200', '4', '4', null), ('201', '5', '5', null), ('202', '6', '6', null), ('203', '7', '7', null), ('204', '1', '1', null), ('205', '2', '2', null), ('206', '3', '3', null), ('207', '4', '4', null), ('208', '5', '5', null), ('209', '6', '6', null), ('210', '7', '7', null), ('211', 'Turn Taking', '1', null), ('212', 'Speak Ratio', '2', null), ('213', 'Sound Volume', '3', null), ('214', 'Sound Pitch', '4', null), ('215', 'Smile', '5', null), ('216', 'Frown', '6', null), ('217', 'Head Leaning', '7', null), ('218', 'Head Tilting', '8', null), ('219', 'Nodding', '9', null), ('220', 'Shaking', '10', null), ('221', 'Hand Gesture', '11', null), ('222', 'Movement', '12', null), ('223', 'Turn Taking', '1', null), ('224', 'Speak Ratio', '2', null), ('225', 'Sound Volume', '3', null), ('226', 'Sound Pitch', '4', null), ('227', 'Smile', '5', null), ('228', 'Frown', '6', null), ('229', 'Head Leaning', '7', null), ('230', 'Head Tilting', '8', null), ('231', 'Nodding', '9', null), ('232', 'Shaking', '10', null), ('233', 'Hand Gesture', '11', null), ('234', 'Movement', '12', null), ('235', '1', '1', null), ('236', '2', '2', null), ('237', '3', '3', null), ('238', '4', '4', null), ('239', '5', '5', null), ('240', '6', '6', null), ('241', '7', '7', null), ('242', 'Yes', '1', null), ('243', 'No', '2', null), ('244', 'A. Initiates the session appropriately with introductions, defining of the purpose and agenda', 'A', null), ('245', 'B. Clarifies and summarises at key points during the interview', 'B', null), ('246', 'C. Uses transitions and signposting', 'C', null), ('247', 'D. Manages time effectively', 'D', null), ('248', 'E. Closes the session appropriately', 'E', null), ('249', 'A. Encourages the patient to tell their story in their own words', 'A', null), ('250', 'B. Explores the patient&prime;s problems and perspectives (beliefs, worries, feelings, goals)', 'B', null), ('251', 'C. Uses open questions initially, listens attentively, and then synthesizes closed questions as appropriate', 'C', null), ('252', 'D. Facilitates patient&prime;s responses using encouragement, pause/silence, repetition, paraphrasing, interpretation - with limited interruptions', 'D', null), ('253', 'E. Avoids using jargon and requests clarification and further information where needed', 'E', null), ('254', 'A. Picks up and acknowledges patient&prime;s non-verbal behaviour (e.g. body language, speech, facial expressions, affect)', 'A', null), ('255', 'B. Demonstrates respectful, encouraging and non-controlling non-verbal behavior (eye contact, facial expressions, posture, position, movement) and vocal rate, volume and tone', 'B', null), ('256', 'C. Acknowledges patient&prime;s perspective and efforts to cope and is non-judgemental', 'C', null), ('257', 'D. Is sensitive to uncomfortable topics', 'D', null), ('258', 'E. Involves the patient, and shares own thinking as appropriate - ideas, thought processes, dilemmas', 'E', null), ('259', 'F', 'F', null), ('260', 'P-', 'P-', null), ('261', 'P', 'P', null), ('262', 'P+', 'P+', null), ('263', 'F', 'F', null), ('264', 'P-', 'P-', null), ('265', 'P', 'P', null), ('266', 'P+', 'P+', null), ('267', 'F', 'F', null), ('268', 'P-', 'P-', null), ('269', 'P', 'P', null), ('270', 'P+', 'P+', null), ('271', 'F', 'F', null), ('272', 'P-', 'P-', null), ('273', 'P', 'P', null), ('274', 'P+', 'P+', null), ('275', 'A. Explores impacts, concerns and expectations', 'A', null), ('276', 'B. Relates subsequent questioning and explanations to previously elicited ideas, concerns or expectations', 'B', null), ('277', 'C. Checks interpretation of information with patient - clarifying and asking for any corrections or questions', 'C', null), ('278', 'D. Confirms and clarifies patient understanding', 'D', null), ('279', 'D. Recognises and prioritises patient&prime;s needs', 'E', null), ('280', 'F', 'F', null), ('281', 'P-', 'P-', null), ('282', 'P', 'P', null), ('283', 'P+', 'P+', null), ('284', 'F', 'F', null), ('285', 'P-', 'P-', null), ('286', 'P', 'P', null), ('287', 'P+', 'P+', null), ('288', 'A. Initiates the session appropriately with introductions, defining of the purpose and agenda', 'A', null), ('289', 'B. Clarifies and summarises at key points during the interview', 'B', null), ('290', 'C. Uses transitions and signposting', 'C', null), ('291', 'D. Manages time effectively', 'D', null), ('292', 'E. Closes the session appropriately', 'E', null), ('293', 'A. Encourages the patient to tell their story in their own words', 'A', null), ('294', 'B. Explores the patient&prime;s problems and perspectives (beliefs, worries, feelings, goals)', 'B', null), ('295', 'C. Uses open questions initially, listens attentively, and then synthesizes closed questions as appropriate', 'C', null), ('296', 'D. Facilitates patient&prime;s responses using encouragement, pause/silence, repetition, paraphrasing, interpretation - with limited interruptions', 'D', null), ('297', 'E. Avoids using jargon and requests clarification and further information where needed', 'E', null), ('298', 'A. Picks up and acknowledges patient&prime;s non-verbal behaviour (e.g. body language, speech, facial expressions, affect)', 'A', null), ('299', 'B. Demonstrates respectful, encouraging and non-controlling non-verbal behavior (eye contact, facial expressions, posture, position, movement) and vocal rate, volume and tone', 'B', null), ('300', 'C. Acknowledges patient&prime;s perspective and efforts to cope and is non-judgemental', 'C', null), ('301', 'D. Is sensitive to uncomfortable topics', 'D', null), ('302', 'E. Involves the patient, and shares own thinking as appropriate - ideas, thought processes, dilemmas', 'E', null), ('303', 'A. Explores impacts, concerns and expectations', 'A', null), ('304', 'B. Relates subsequent questioning and explanations to previously elicited ideas, concerns or expectations', 'B', null), ('305', 'C. Checks interpretation of information with patient - clarifying and asking for any corrections or questions', 'C', null), ('306', 'D. Confirms and clarifies patient understanding', 'D', null), ('307', 'D. Recognises and prioritises patient&prime;s needs', 'E', null), ('308', '1', '1', null), ('309', '2', '2', null), ('310', '3', '3', null), ('311', '4', '4', null), ('312', '5', '5', null), ('313', '6', '6', null), ('314', '7', '7', null), ('315', '1', '1', null), ('316', '2', '2', null), ('317', '3', '3', null), ('318', '4', '4', null), ('319', '5', '5', null), ('320', '6', '6', null), ('321', '7', '7', null), ('322', '1', '1', null), ('323', '2', '2', null), ('324', '3', '3', null), ('325', '4', '4', null), ('326', '5', '5', null), ('327', '6', '6', null), ('328', '7', '7', null), ('329', '1', '1', null), ('330', '2', '2', null), ('331', '3', '3', null), ('332', '4', '4', null), ('333', '5', '5', null), ('334', '6', '6', null), ('335', '7', '7', null), ('336', '1', '1', null), ('337', '2', '2', null), ('338', '3', '3', null), ('339', '4', '4', null), ('340', '5', '5', null), ('341', '6', '6', null), ('342', '7', '7', null), ('343', '1', '1', null), ('344', '2', '2', null), ('345', '3', '3', null), ('346', '4', '4', null), ('347', '5', '5', null), ('348', '6', '6', null), ('349', '7', '7', null), ('350', '1', '1', null), ('351', '2', '2', null), ('352', '3', '3', null), ('353', '4', '4', null), ('354', '5', '5', null), ('355', '6', '6', null), ('356', '7', '7', null), ('357', '1', '1', null), ('358', '2', '2', null), ('359', '3', '3', null), ('360', '4', '4', null), ('361', '5', '5', null), ('362', '6', '6', null), ('363', '7', '7', null), ('364', '1', '1', null), ('365', '2', '2', null), ('366', '3', '3', null), ('367', '4', '4', null), ('368', '5', '5', null), ('369', '6', '6', null), ('370', '7', '7', null), ('371', '1', '1', null), ('372', '2', '2', null), ('373', '3', '3', null), ('374', '4', '4', null), ('375', '5', '5', null), ('376', '6', '6', null), ('377', '7', '7', null), ('378', '1', '1', null), ('379', '2', '2', null), ('380', '3', '3', null), ('381', '4', '4', null), ('382', '5', '5', null), ('383', '6', '6', null), ('384', '7', '7', null), ('385', '1', '1', null), ('386', '2', '2', null), ('387', '3', '3', null), ('388', '4', '4', null), ('389', '5', '5', null), ('390', '6', '6', null), ('391', '7', '7', null), ('392', '1', '1', null), ('393', '2', '2', null), ('394', '3', '3', null), ('395', '4', '4', null), ('396', '5', '5', null), ('397', '6', '6', null), ('398', '7', '7', null), ('399', '1', '1', null), ('400', '2', '2', null), ('401', '3', '3', null), ('402', '4', '4', null), ('403', '5', '5', null), ('404', '6', '6', null), ('405', '7', '7', null), ('406', '1', '1', null), ('407', '2', '2', null), ('408', '3', '3', null), ('409', '4', '4', null), ('410', '5', '5', null), ('411', '6', '6', null), ('412', '7', '7', null), ('413', '1', '1', null), ('414', '2', '2', null), ('415', '3', '3', null), ('416', '4', '4', null), ('417', '5', '5', null), ('418', '6', '6', null), ('419', '7', '7', null), ('420', '1', '1', null), ('421', '2', '2', null), ('422', '3', '3', null), ('423', '4', '4', null), ('424', '5', '5', null), ('425', '6', '6', null), ('426', '7', '7', null), ('427', '1', '1', null), ('428', '2', '2', null), ('429', '3', '3', null), ('430', '4', '4', null), ('431', '5', '5', null), ('432', '6', '6', null), ('433', '7', '7', null), ('434', '1', '1', null), ('435', '2', '2', null), ('436', '3', '3', null), ('437', '4', '4', null), ('438', '5', '5', null), ('439', '6', '6', null), ('440', '7', '7', null), ('441', '1', '1', null), ('442', '2', '2', null), ('443', '3', '3', null), ('444', '4', '4', null), ('445', '5', '5', null), ('446', '6', '6', null), ('447', '7', '7', null), ('448', '1', '1', null), ('449', '2', '2', null), ('450', '3', '3', null), ('451', '4', '4', null), ('452', '5', '5', null), ('453', '6', '6', null), ('454', '7', '7', null), ('455', '1', '1', null), ('456', '2', '2', null), ('457', '3', '3', null), ('458', '4', '4', null), ('459', '5', '5', null), ('460', '6', '6', null), ('461', '7', '7', null), ('462', '1', '1', null), ('463', '2', '2', null), ('464', '3', '3', null), ('465', '4', '4', null), ('466', '5', '5', null), ('467', '6', '6', null), ('468', '7', '7', null), ('469', '1', '1', null), ('470', '2', '2', null), ('471', '3', '3', null), ('472', '4', '4', null), ('473', '5', '5', null), ('474', '6', '6', null), ('475', '7', '7', null), ('476', '1', '1', null), ('477', '2', '2', null), ('478', '3', '3', null), ('479', '4', '4', null), ('480', '5', '5', null), ('481', '6', '6', null), ('482', '7', '7', null), ('483', '1', '1', null), ('484', '2', '2', null), ('485', '3', '3', null), ('486', '4', '4', null), ('487', '5', '5', null), ('488', '6', '6', null), ('489', '7', '7', null), ('490', '1', '1', null), ('491', '2', '2', null), ('492', '3', '3', null), ('493', '4', '4', null), ('494', '5', '5', null), ('495', '6', '6', null), ('496', '7', '7', null), ('497', '1', '1', null), ('498', '2', '2', null), ('499', '3', '3', null), ('500', '4', '4', null), ('501', '5', '5', null), ('502', '6', '6', null), ('503', '7', '7', null), ('504', '1', '1', null), ('505', '2', '2', null), ('506', '3', '3', null), ('507', '4', '4', null), ('508', '5', '5', null), ('509', '6', '6', null), ('510', '7', '7', null), ('511', '8', '8', null), ('512', '9', '9', null), ('513', '1', '1', null), ('514', '2', '2', null), ('515', '3', '3', null), ('516', '4', '4', null), ('517', '5', '5', null), ('518', '6', '6', null), ('519', '7', '7', null), ('520', '1', '1', null), ('521', '2', '2', null), ('522', '3', '3', null), ('523', '4', '4', null), ('524', '5', '5', null), ('525', '6', '6', null), ('526', '7', '7', null), ('527', '1', '1', null), ('528', '2', '2', null), ('529', '3', '3', null), ('530', '4', '4', null), ('531', '5', '5', null), ('532', '6', '6', null), ('533', '7', '7', null), ('534', '1', '1', null), ('535', '2', '2', null), ('536', '3', '3', null), ('537', '4', '4', null), ('538', '5', '5', null), ('539', '6', '6', null), ('540', '7', '7', null), ('541', '1', '1', null), ('542', '2', '2', null), ('543', '3', '3', null), ('544', '4', '4', null), ('545', '5', '5', null), ('546', '6', '6', null), ('547', '7', '7', null), ('548', '1', '1', null), ('549', '2', '2', null), ('550', '3', '3', null), ('551', '4', '4', null), ('552', '5', '5', null), ('553', '6', '6', null), ('554', '7', '7', null), ('555', '1', '1', null), ('556', '2', '2', null), ('557', '3', '3', null), ('558', '4', '4', null), ('559', '5', '5', null), ('560', '6', '6', null), ('561', '7', '7', null), ('562', '1', '1', null), ('563', '2', '2', null), ('564', '3', '3', null), ('565', '4', '4', null), ('566', '5', '5', null), ('567', '6', '6', null), ('568', '7', '7', null), ('569', '1', '1', null), ('570', '2', '2', null), ('571', '3', '3', null), ('572', '4', '4', null), ('573', '5', '5', null), ('574', '6', '6', null), ('575', '7', '7', null), ('576', '1', '1', null), ('577', '2', '2', null), ('578', '3', '3', null), ('579', '4', '4', null), ('580', '5', '5', null), ('581', '6', '6', null), ('582', '7', '7', null), ('583', '1', '1', null), ('584', '2', '2', null), ('585', '3', '3', null), ('586', '4', '4', null), ('587', '5', '5', null), ('588', '6', '6', null), ('589', '7', '7', null), ('590', 'F', 'F', null), ('591', 'P-', 'P-', null), ('592', 'P', 'P', null), ('593', 'P+', 'P+', null), ('594', 'F', 'F', null), ('595', 'P-', 'P-', null), ('596', 'P', 'P', null), ('597', 'P+', 'P+', null), ('598', '1', '1', null), ('599', '2', '2', null), ('600', '3', '3', null), ('601', '4', '4', null), ('602', '5', '5', null), ('603', '6', '6', null), ('604', '7', '7', null), ('605', '1', '1', null), ('606', '2', '2', null), ('607', '3', '3', null), ('608', '4', '4', null), ('609', '5', '5', null), ('610', '6', '6', null), ('611', '7', '7', null), ('612', '1', '1', null), ('613', '2', '2', null), ('614', '3', '3', null), ('615', '4', '4', null), ('616', '5', '5', null), ('617', '6', '6', null), ('618', '7', '7', null), ('619', '', '1', null), ('620', '', '2', null), ('621', '', '3', null), ('622', '', '4', null), ('623', '', '5', null), ('624', '', '6', null), ('625', '', '7', null), ('626', '', '1', null), ('627', '', '2', null), ('628', '', '3', null), ('629', '', '4', null), ('630', '', '5', null), ('631', '', '6', null), ('632', '', '7', null), ('633', '', '1', null), ('634', '', '2', null), ('635', '', '3', null), ('636', '', '4', null), ('637', '', '5', null), ('638', '', '6', null), ('639', '', '7', null), ('640', '1', '1', null), ('641', '2', '2', null), ('642', '3', '3', null), ('643', '4', '4', null), ('644', '5', '5', null), ('645', '6', '6', null), ('646', '7', '7', null), ('647', '1', '1', null), ('648', '2', '2', null), ('649', '3', '3', null), ('650', '4', '4', null), ('651', '5', '5', null), ('652', '6', '6', null), ('653', '7', '7', null), ('654', '1', '1', null), ('655', '2', '2', null), ('656', '3', '3', null), ('657', '4', '4', null), ('658', '5', '5', null), ('659', '6', '6', null), ('660', '7', '7', null), ('661', '1', '1', null), ('662', '2', '2', null), ('663', '3', '3', null), ('664', '4', '4', null), ('665', '5', '5', null), ('666', '6', '6', null), ('667', '7', '7', null), ('668', '1', '1', null), ('669', '2', '2', null), ('670', '3', '3', null), ('671', '4', '4', null), ('672', '5', '5', null), ('673', '6', '6', null), ('674', '7', '7', null), ('675', '1', '1', null), ('676', '2', '2', null), ('677', '3', '3', null), ('678', '4', '4', null), ('679', '5', '5', null), ('680', '6', '6', null), ('681', '7', '7', null), ('682', '1', '1', null), ('683', '2', '2', null), ('684', '3', '3', null), ('685', '4', '4', null), ('686', '5', '5', null), ('687', '6', '6', null), ('688', '7', '7', null), ('689', 'not good', '1', null), ('690', 'good', '2', null), ('691', 'very good', '3', null), ('692', 'A. Initiates the session appropriately with introductions, defining of the purpose and agenda', '1', null), ('693', 'B. Clarifies and summarises at key points during the interview', '2', null), ('694', 'C. Uses transitions and signposting', '3', null), ('695', 'D. Manages time effectively', '4', null), ('696', 'E. Closes the session appropriately', '5', null), ('697', 'not good', '1', null), ('698', 'good', '2', null), ('699', 'very good', '3', null), ('700', 'A. Encourages the patient to tell their story in their own words', '1', null), ('701', 'B. Explores the patient&prime;s problems and perspectives (beliefs, worries, feelings, goals)', '2', null), ('702', 'C. Uses open questions initially, listens attentively, and then synthesizes closed questions as appropriate', '3', null), ('703', 'D. Facilitates patient&prime;s responses using encouragement, pause/silence, repetition, paraphrasing, interpretation - with limited interruptions', '4', null), ('704', 'E. Avoids using jargon and requests clarification and further information where needed', '5', null), ('705', 'not good', '1', null), ('706', 'good', '2', null), ('707', 'very good', '3', null), ('708', 'A. Picks up and acknowledges patient&prime;s non-verbal behaviour (e.g. body language, speech, facial expressions, affect)', '1', null), ('709', 'B. Demonstrates respectful, encouraging and non-controlling non-verbal behavior (eye contact, facial expressions, posture, position, movement) and vocal rate, volume and tone', '2', null), ('710', 'C. Acknowledges patient&prime;s perspective and efforts to cope and is non-judgemental', '3', null), ('711', 'D. Is sensitive to uncomfortable topics', '4', null), ('712', 'E. Involves the patient, and shares own thinking as appropriate - ideas, thought processes, dilemmas', '5', null), ('713', 'not good', '1', null), ('714', 'good', '2', null), ('715', 'very good', '3', null), ('716', 'A. Explores impacts, concerns and expectations', '1', null), ('717', 'B. Relates subsequent questioning and explanations to previously elicited ideas, concerns or expectations', '2', null), ('718', 'C. Checks interpretation of information with patient - clarifying and asking for any corrections or questions', '3', null), ('719', 'D. Confirms and clarifies patient understanding', '4', null), ('720', 'D. Recognises and prioritises patient&prime;s needs', '5', null), ('721', 'A. Explores impacts, concerns and expectations', '1', null), ('722', 'B. Relates subsequent questioning and explanations to previously elicited ideas, concerns or expectations', '2', null), ('723', 'C. Checks interpretation of information with patient - clarifying and asking for any corrections or questions', '3', null), ('724', 'D. Confirms and clarifies patient understanding', '4', null), ('725', 'D. Recognises and prioritises patient&prime;s needs', '5', null), ('726', 'A. Picks up and acknowledges patient&prime;s non-verbal behaviour (e.g. body language, speech, facial expressions, affect)', '1', null), ('727', 'B. Demonstrates respectful, encouraging and non-controlling non-verbal behavior (eye contact, facial expressions, posture, position, movement) and vocal rate, volume and tone', '2', null), ('728', 'C. Acknowledges patient&prime;s perspective and efforts to cope and is non-judgemental', '3', null), ('729', 'D. Is sensitive to uncomfortable topics', '4', null), ('730', 'E. Involves the patient, and shares own thinking as appropriate - ideas, thought processes, dilemmas', '5', null), ('731', 'A. Encourages the patient to tell their story in their own words', '1', null), ('732', 'B. Explores the patient&prime;s problems and perspectives (beliefs, worries, feelings, goals)', '2', null), ('733', 'C. Uses open questions initially, listens attentively, and then synthesizes closed questions as appropriate', '3', null), ('734', 'D. Facilitates patient&prime;s responses using encouragement, pause/silence, repetition, paraphrasing, interpretation - with limited interruptions', '4', null), ('735', 'E. Avoids using jargon and requests clarification and further information where needed', '5', null), ('736', 'A. Initiates the session appropriately with introductions, defining of the purpose and agenda', '1', null), ('737', 'B. Clarifies and summarises at key points during the interview', '2', null), ('738', 'C. Uses transitions and signposting', '3', null), ('739', 'D. Manages time effectively', '4', null), ('740', 'E. Closes the session appropriately', '5', null), ('741', 'A. Explores impacts, concerns and expectations', '1', null), ('742', 'B. Relates subsequent questioning and explanations to previously elicited ideas, concerns or expectations', '2', null), ('743', 'C. Checks interpretation of information with patient - clarifying and asking for any corrections or questions', '3', null), ('744', 'D. Confirms and clarifies patient understanding', '4', null), ('745', 'D. Recognises and prioritises patient&prime;s needs', '5', null), ('746', 'A. Picks up and acknowledges patient&prime;s non-verbal behaviour (e.g. body language, speech, facial expressions, affect)', '1', null), ('747', 'B. Demonstrates respectful, encouraging and non-controlling non-verbal behavior (eye contact, facial expressions, posture, position, movement) and vocal rate, volume and tone', '2', null), ('748', 'C. Acknowledges patient&prime;s perspective and efforts to cope and is non-judgemental', '3', null), ('749', 'D. Is sensitive to uncomfortable topics', '4', null), ('750', 'E. Involves the patient, and shares own thinking as appropriate - ideas, thought processes, dilemmas', '5', null), ('751', 'A. Encourages the patient to tell their story in their own words', '1', null), ('752', 'B. Explores the patient&prime;s problems and perspectives (beliefs, worries, feelings, goals)', '2', null), ('753', 'C. Uses open questions initially, listens attentively, and then synthesizes closed questions as appropriate', '3', null), ('754', 'D. Facilitates patient&prime;s responses using encouragement, pause/silence, repetition, paraphrasing, interpretation - with limited interruptions', '4', null), ('755', 'E. Avoids using jargon and requests clarification and further information where needed', '5', null), ('756', 'A. Initiates the session appropriately with introductions, defining of the purpose and agenda', '1', null), ('757', 'B. Clarifies and summarises at key points during the interview', '2', null), ('758', 'C. Uses transitions and signposting', '3', null), ('759', 'D. Manages time effectively', '4', null), ('760', 'E. Closes the session appropriately', '5', null), ('761', '1', '1', null), ('762', '2', '2', null), ('763', '3', '3', null), ('764', '4', '4', null), ('765', '5', '5', null), ('766', '6', '6', null), ('767', '7', '7', null), ('768', 'A. Initiates the session appropriately with introductions, defining of the purpose and agenda', 'A', null), ('769', 'B. Clarifies and summarises at key points during the interview', 'B', null), ('770', 'C. Uses transitions and signposting', 'C', null), ('771', 'D. Manages time effectively', 'D', null), ('772', 'E. Closes the session appropriately', 'E', null), ('773', 'A. Encourages the patient to tell their story in their own words', 'A', null), ('774', 'B. Explores the patient&prime;s problems and perspectives (beliefs, worries, feelings, goals)', 'B', null), ('775', 'C. Uses open questions initially, listens attentively, and then synthesizes closed questions as appropriate', 'C', null), ('776', 'D. Facilitates patient&prime;s responses using encouragement, pause/silence, repetition, paraphrasing, interpretation - with limited interruptions', 'D', null), ('777', 'E. Avoids using jargon and requests clarification and further information where needed', 'E', null), ('778', 'A. Picks up and acknowledges patient&prime;s non-verbal behaviour (e.g. body language, speech, facial expressions, affect)', 'A', null), ('779', 'B. Demonstrates respectful, encouraging and non-controlling non-verbal behavior (eye contact, facial expressions, posture, position, movement) and vocal rate, volume and tone', 'B', null), ('780', 'C. Acknowledges patient&prime;s perspective and efforts to cope and is non-judgemental', 'C', null), ('781', 'D. Is sensitive to uncomfortable topics', 'D', null), ('782', 'E. Involves the patient, and shares own thinking as appropriate - ideas, thought processes, dilemmas', 'E', null), ('783', 'A. Picks up and acknowledges patient&prime;s non-verbal behaviour (e.g. body language, speech, facial expressions, affect)', 'A', null), ('784', 'B. Demonstrates respectful, encouraging and non-controlling non-verbal behavior (eye contact, facial expressions, posture, position, movement) and vocal rate, volume and tone', 'B', null), ('785', 'C. Acknowledges patient&prime;s perspective and efforts to cope and is non-judgemental', 'C', null), ('786', 'D. Is sensitive to uncomfortable topics', 'D', null), ('787', 'E. Involves the patient, and shares own thinking as appropriate - ideas, thought processes, dilemmas', 'E', null), ('788', 'A. Explores impacts, concerns and expectations', 'A', null), ('789', 'B. Relates subsequent questioning and explanations to previously elicited ideas, concerns or expectations', 'B', null), ('790', 'C. Checks interpretation of information with patient - clarifying and asking for any corrections or questions', 'C', null), ('791', 'D. Confirms and clarifies patient understanding', 'D', null), ('792', 'D. Recognises and prioritises patient&prime;s needs', 'E', null), ('793', 'A. Explores impacts, concerns and expectations', '1', null), ('794', 'B. Relates subsequent questioning and explanations to previously elicited ideas, concerns or expectations', '2', null), ('795', 'C. Checks interpretation of information with patient - clarifying and asking for any corrections or questions', '3', null), ('796', 'D. Confirms and clarifies patient understanding', '4', null), ('797', 'D. Recognises and prioritises patient&prime;s needs', '5', null), ('798', 'A. Picks up and acknowledges patient&prime;s non-verbal behaviour (e.g. body language, speech, facial expressions, affect)', '1', null), ('799', 'B. Demonstrates respectful, encouraging and non-controlling non-verbal behavior (eye contact, facial expressions, posture, position, movement) and vocal rate, volume and tone', '2', null), ('800', 'C. Acknowledges patient&prime;s perspective and efforts to cope and is non-judgemental', '3', null), ('801', 'D. Is sensitive to uncomfortable topics', '4', null), ('802', 'E. Involves the patient, and shares own thinking as appropriate - ideas, thought processes, dilemmas', '5', null), ('803', 'A. Encourages the patient to tell their story in their own words', '1', null), ('804', 'B. Explores the patient&prime;s problems and perspectives (beliefs, worries, feelings, goals)', '2', null), ('805', 'C. Uses open questions initially, listens attentively, and then synthesizes closed questions as appropriate', '3', null), ('806', 'D. Facilitates patient&prime;s responses using encouragement, pause/silence, repetition, paraphrasing, interpretation - with limited interruptions', '4', null), ('807', 'E. Avoids using jargon and requests clarification and further information where needed', '5', null), ('808', 'A. Initiates the session appropriately with introductions, defining of the purpose and agenda', '1', null), ('809', 'B. Clarifies and summarises at key points during the interview', '2', null), ('810', 'C. Uses transitions and signposting', '3', null), ('811', 'D. Manages time effectively', '4', null), ('812', 'E. Closes the session appropriately', '5', null), ('813', 'F', 'F', null), ('814', 'P-', 'P-', null), ('815', 'P', 'P', null), ('816', 'P+', 'P+', null), ('817', 'F', 'F', null), ('818', 'P-', 'P-', null), ('819', 'P', 'P', null), ('820', 'P+', 'P+', null), ('821', 'A. Encourages the patient to tell their story in their own words', 'A', null), ('822', 'B. Explores the patient&prime;s problems and perspectives (beliefs, worries, feelings, goals)', 'B', null), ('823', 'C. Uses open questions initially, listens attentively, and then synthesizes closed questions as appropriate', 'C', null), ('824', 'D. Facilitates patient&prime;s responses using encouragement, pause/silence, repetition, paraphrasing, interpretation - with limited interruptions', 'D', null), ('825', 'E. Avoids using jargon and requests clarification and further information where needed', 'E', null), ('826', 'A. Picks up and acknowledges patient&prime;s non-verbal behaviour (e.g. body language, speech, facial expressions, affect)', 'A', null), ('827', 'B. Demonstrates respectful, encouraging and non-controlling non-verbal behavior (eye contact, facial expressions, posture, position, movement) and vocal rate, volume and tone', 'B', null), ('828', 'C. Acknowledges patient&prime;s perspective and efforts to cope and is non-judgemental', 'C', null), ('829', 'D. Is sensitive to uncomfortable topics', 'D', null), ('830', 'E. Involves the patient, and shares own thinking as appropriate - ideas, thought processes, dilemmas', 'E', null), ('831', 'A. Explores impacts, concerns and expectations', 'A', null), ('832', 'B. Relates subsequent questioning and explanations to previously elicited ideas, concerns or expectations', 'B', null), ('833', 'C. Checks interpretation of information with patient - clarifying and asking for any corrections or questions', 'C', null), ('834', 'D. Confirms and clarifies patient understanding', 'D', null), ('835', 'D. Recognises and prioritises patient&prime;s needs', 'E', null), ('836', '1', '1', null), ('837', '2', '2', null), ('838', '3', '3', null), ('839', '4', '4', null), ('840', '5', '5', null), ('841', '6', '6', null), ('842', '7', '7', null), ('843', '1', '1', null), ('844', '2', '2', null), ('845', '3', '3', null), ('846', '4', '4', null), ('847', '5', '5', null), ('848', '6', '6', null), ('849', '7', '7', null), ('850', '1', '1', null), ('851', '2', '2', null), ('852', '3', '3', null), ('853', '4', '4', null), ('854', '5', '5', null), ('855', '6', '6', null), ('856', '7', '7', null), ('857', '1', '1', null), ('858', '2', '2', null), ('859', '3', '3', null), ('860', '4', '4', null), ('861', '5', '5', null), ('862', '6', '6', null), ('863', '7', '7', null), ('864', '1', '1', null), ('865', '2', '2', null), ('866', '3', '3', null), ('867', '4', '4', null), ('868', '5', '5', null), ('869', '6', '6', null), ('870', '7', '7', null), ('871', '1', '1', null), ('872', '2', '2', null), ('873', '3', '3', null), ('874', '4', '4', null), ('875', '5', '5', null), ('876', '6', '6', null), ('877', '7', '7', null), ('878', '1', '1', null), ('879', '2', '2', null), ('880', '3', '3', null), ('881', '4', '4', null), ('882', '5', '5', null), ('883', '6', '6', null), ('884', '7', '7', null), ('885', '1', '1', null), ('886', '2', '2', null), ('887', '3', '3', null), ('888', '4', '4', null), ('889', '5', '5', null), ('890', '6', '6', null), ('891', '7', '7', null), ('892', '1', '1', null), ('893', '2', '2', null), ('894', '3', '3', null), ('895', '4', '4', null), ('896', '5', '5', null), ('897', '6', '6', null), ('898', '7', '7', null), ('899', '1', '1', null), ('900', '2', '2', null), ('901', '3', '3', null), ('902', '4', '4', null), ('903', '5', '5', null), ('904', '6', '6', null), ('905', '7', '7', null), ('906', '1', '1', null), ('907', '2', '2', null), ('908', '3', '3', null), ('909', '4', '4', null), ('910', '5', '5', null), ('911', '6', '6', null), ('912', '7', '7', null), ('913', '8', '8', null), ('914', '9', '9', null), ('915', '1', '1', null), ('916', '2', '2', null), ('917', '3', '3', null), ('918', '4', '4', null), ('919', '5', '5', null), ('920', '6', '6', null), ('921', '7', '7', null), ('922', '1', '1', null), ('923', '2', '2', null), ('924', '3', '3', null), ('925', '4', '4', null), ('926', '5', '5', null), ('927', '6', '6', null), ('928', '7', '7', null), ('929', '1', '1', null), ('930', '2', '2', null), ('931', '3', '3', null), ('932', '4', '4', null), ('933', '5', '5', null), ('934', '6', '6', null), ('935', '7', '7', null), ('936', '1', '1', null), ('937', '2', '2', null), ('938', '3', '3', null), ('939', '4', '4', null), ('940', '5', '5', null), ('941', '6', '6', null), ('942', '7', '7', null), ('943', '8', '8', null), ('944', '9', '9', null), ('945', '1', '1', null), ('946', '2', '2', null), ('947', '3', '3', null), ('948', '4', '4', null), ('949', '5', '5', null), ('950', '6', '6', null), ('951', '7', '7', null), ('952', '1', '1', null), ('953', '2', '2', null), ('954', '3', '3', null), ('955', '4', '4', null), ('956', '5', '5', null), ('957', '6', '6', null), ('958', '7', '7', null), ('959', '1', '1', null), ('960', '2', '2', null), ('961', '3', '3', null), ('962', '4', '4', null), ('963', '5', '5', null), ('964', '6', '6', null), ('965', '7', '7', null), ('966', '1', '1', null), ('967', '2', '2', null), ('968', '3', '3', null), ('969', '4', '4', null), ('970', '5', '5', null), ('971', '6', '6', null), ('972', '7', '7', null), ('973', '1', '1', null), ('974', '2', '2', null), ('975', '3', '3', null), ('976', '4', '4', null), ('977', '5', '5', null), ('978', '6', '6', null), ('979', '7', '7', null), ('980', '1', '1', null), ('981', '2', '2', null), ('982', '3', '3', null), ('983', '4', '4', null), ('984', '5', '5', null), ('985', '6', '6', null), ('986', '7', '7', null), ('987', '1', '1', null), ('988', '2', '2', null), ('989', '3', '3', null), ('990', '4', '4', null), ('991', '5', '5', null), ('992', '6', '6', null), ('993', '7', '7', null), ('994', '1', '1', null), ('995', '2', '2', null), ('996', '3', '3', null), ('997', '4', '4', null), ('998', '5', '5', null), ('999', '6', '6', null), ('1000', '7', '7', null), ('1001', '1', '1', null), ('1002', '2', '2', null), ('1003', '3', '3', null), ('1004', '4', '4', null), ('1005', '5', '5', null), ('1006', '6', '6', null), ('1007', '7', '7', null), ('1008', '1', '1', null), ('1009', '2', '2', null), ('1010', '3', '3', null), ('1011', '4', '4', null), ('1012', '5', '5', null), ('1013', '6', '6', null), ('1014', '7', '7', null), ('1015', '1', '1', null), ('1016', '2', '2', null), ('1017', '3', '3', null), ('1018', '4', '4', null), ('1019', '5', '5', null), ('1020', '6', '6', null), ('1021', '7', '7', null), ('1022', '1', '1', null), ('1023', '2', '2', null), ('1024', '3', '3', null), ('1025', '4', '4', null), ('1026', '5', '5', null), ('1027', '6', '6', null), ('1028', '7', '7', null), ('1029', '1', '1', null), ('1030', '2', '2', null), ('1031', '3', '3', null), ('1032', '4', '4', null), ('1033', '5', '5', null), ('1034', '6', '6', null), ('1035', '7', '7', null), ('1036', '1', '1', null), ('1037', '2', '2', null), ('1038', '3', '3', null), ('1039', '4', '4', null), ('1040', '5', '5', null), ('1041', '6', '6', null), ('1042', '7', '7', null), ('1043', '1', '1', null), ('1044', '2', '2', null), ('1045', '3', '3', null), ('1046', '4', '4', null), ('1047', '5', '5', null), ('1048', '6', '6', null), ('1049', '7', '7', null), ('1050', 'A. Initiates the session appropriately with introductions, defining of the purpose and agenda', '1', null), ('1051', 'B. Clarifies and summarises at key points during the interview', '2', null), ('1052', 'C. Uses transitions and signposting', '3', null), ('1053', 'D. Manages time effectively', '4', null), ('1054', 'E. Closes the session appropriately', '5', null), ('1055', 'A. Encourages the patient to tell their story in their own words', '1', null), ('1056', 'B. Explores the patient&prime;s problems and perspectives (beliefs, worries, feelings, goals)', '2', null), ('1057', 'C. Uses open questions initially, listens attentively, and then synthesizes closed questions as appropriate', '3', null), ('1058', 'D. Facilitates patient&prime;s responses using encouragement, pause/silence, repetition, paraphrasing, interpretation - with limited interruptions', '4', null), ('1059', 'E. Avoids using jargon and requests clarification and further information where needed', '5', null), ('1060', 'A. Picks up and acknowledges patient&prime;s non-verbal behaviour (e.g. body language, speech, facial expressions, affect)', '1', null), ('1061', 'B. Demonstrates respectful, encouraging and non-controlling non-verbal behavior (eye contact, facial expressions, posture, position, movement) and vocal rate, volume and tone', '2', null), ('1062', 'C. Acknowledges patient&prime;s perspective and efforts to cope and is non-judgemental', '3', null), ('1063', 'D. Is sensitive to uncomfortable topics', '4', null), ('1064', 'E. Involves the patient, and shares own thinking as appropriate - ideas, thought processes, dilemmas', '5', null), ('1065', 'A. Explores impacts, concerns and expectations', '1', null), ('1066', 'B. Relates subsequent questioning and explanations to previously elicited ideas, concerns or expectations', '2', null), ('1067', 'C. Checks interpretation of information with patient - clarifying and asking for any corrections or questions', '3', null), ('1068', 'D. Confirms and clarifies patient understanding', '4', null), ('1069', 'D. Recognises and prioritises patient&prime;s needs', '5', null), ('1070', '1', '1', null), ('1071', '2', '2', null), ('1072', '3', '3', null), ('1073', '4', '4', null), ('1074', '5', '5', null), ('1075', '6', '6', null), ('1076', '7', '7', null), ('1077', 'A. Explores impacts, concerns and expectations', '1', null), ('1078', 'B. Relates subsequent questioning and explanations to previously elicited ideas, concerns or expectations', '2', null), ('1079', 'C. Checks interpretation of information with patient - clarifying and asking for any corrections or questions', '3', null), ('1080', 'D. Confirms and clarifies patient understanding', '4', null), ('1081', 'D. Recognises and prioritises patient&prime;s needs', '5', null), ('1082', 'A. Picks up and acknowledges patient&prime;s non-verbal behaviour (e.g. body language, speech, facial expressions, affect)', '1', null), ('1083', 'B. Demonstrates respectful, encouraging and non-controlling non-verbal behavior (eye contact, facial expressions, posture, position, movement) and vocal rate, volume and tone', '2', null), ('1084', 'C. Acknowledges patient&prime;s perspective and efforts to cope and is non-judgemental', '3', null), ('1085', 'D. Is sensitive to uncomfortable topics', '4', null), ('1086', 'E. Involves the patient, and shares own thinking as appropriate - ideas, thought processes, dilemmas', '5', null), ('1087', 'A. Encourages the patient to tell their story in their own words', '1', null), ('1088', 'B. Explores the patient&prime;s problems and perspectives (beliefs, worries, feelings, goals)', '2', null), ('1089', 'C. Uses open questions initially, listens attentively, and then synthesizes closed questions as appropriate', '3', null), ('1090', 'D. Facilitates patient&prime;s responses using encouragement, pause/silence, repetition, paraphrasing, interpretation - with limited interruptions', '4', null), ('1091', 'E. Avoids using jargon and requests clarification and further information where needed', '5', null), ('1092', 'A. Initiates the session appropriately with introductions, defining of the purpose and agenda', '1', null), ('1093', 'B. Clarifies and summarises at key points during the interview', '2', null), ('1094', 'C. Uses transitions and signposting', '3', null), ('1095', 'D. Manages time effectively', '4', null), ('1096', 'E. Closes the session appropriately', '5', null), ('1097', '1', '1', null), ('1098', '2', '2', null), ('1099', '3', '3', null), ('1100', '4', '4', null), ('1101', '5', '5', null), ('1102', '6', '6', null), ('1103', '7', '7', null), ('1104', '1', '1', null), ('1105', '2', '2', null), ('1106', '3', '3', null), ('1107', '4', '4', null), ('1108', '5', '5', null), ('1109', '6', '6', null), ('1110', '7', '7', null), ('1111', '1', '1', null), ('1112', '2', '2', null), ('1113', '3', '3', null), ('1114', '4', '4', null), ('1115', '5', '5', null), ('1116', '6', '6', null), ('1117', '7', '7', null), ('1118', '1', '1', null), ('1119', '2', '2', null), ('1120', '3', '3', null), ('1121', '4', '4', null), ('1122', '5', '5', null), ('1123', '6', '6', null), ('1124', '7', '7', null), ('1125', '1', '1', null), ('1126', '2', '2', null), ('1127', '3', '3', null), ('1128', '4', '4', null), ('1129', '5', '5', null), ('1130', '6', '6', null), ('1131', '7', '7', null), ('1132', '1', '1', null), ('1133', '2', '2', null), ('1134', '3', '3', null), ('1135', '4', '4', null), ('1136', '5', '5', null), ('1137', '6', '6', null), ('1138', '7', '7', null), ('1139', '1', '1', null), ('1140', '2', '2', null), ('1141', '3', '3', null), ('1142', '4', '4', null), ('1143', '5', '5', null), ('1144', '6', '6', null), ('1145', '7', '7', null), ('1146', '1', '1', null), ('1147', '2', '2', null), ('1148', '3', '3', null), ('1149', '4', '4', null), ('1150', '5', '5', null), ('1151', '6', '6', null), ('1152', '7', '7', null), ('1153', '1', '1', null), ('1154', '2', '2', null), ('1155', '3', '3', null), ('1156', '4', '4', null), ('1157', '5', '5', null), ('1158', '6', '6', null), ('1159', '7', '7', null), ('1160', '1', '1', null), ('1161', '2', '2', null), ('1162', '3', '3', null), ('1163', '4', '4', null), ('1164', '5', '5', null), ('1165', '6', '6', null), ('1166', '7', '7', null), ('1167', '1', '1', null), ('1168', '2', '2', null), ('1169', '3', '3', null), ('1170', '4', '4', null), ('1171', '5', '5', null), ('1172', '6', '6', null), ('1173', '7', '7', null), ('1174', 'Providing structure', '1', null), ('1175', 'Gathering information', '2', null), ('1176', 'Building relationships and developing rapport', '3', null), ('1177', 'Ensuring a shared understanding with the patient', '4', null), ('1178', 'Yes', '1', null), ('1179', 'No', '2', null), ('1180', '1', '1', null), ('1181', '2', '2', null), ('1182', '3', '3', null), ('1183', '4', '4', null), ('1184', '5', '5', null), ('1185', '6', '6', null), ('1186', '7', '7', null), ('1187', '8', '8', null), ('1188', '9', '9', null), ('1189', '1', '1', null), ('1190', '2', '2', null), ('1191', '3', '3', null), ('1192', '4', '4', null), ('1193', '5', '5', null), ('1194', '6', '6', null), ('1195', '7', '7', null), ('1196', '1', '1', null), ('1197', '2', '2', null), ('1198', '3', '3', null), ('1199', '4', '4', null), ('1200', '5', '5', null), ('1201', '6', '6', null), ('1202', '7', '7', null), ('1203', '1', '1', null), ('1204', '2', '2', null), ('1205', '3', '3', null), ('1206', '4', '4', null), ('1207', '5', '5', null), ('1208', '6', '6', null), ('1209', '7', '7', null), ('1210', '1', '1', null), ('1211', '2', '2', null), ('1212', '3', '3', null), ('1213', '4', '4', null), ('1214', '5', '5', null), ('1215', '6', '6', null), ('1216', '7', '7', null), ('1217', '1', '1', null), ('1218', '2', '2', null), ('1219', '3', '3', null), ('1220', '4', '4', null), ('1221', '5', '5', null), ('1222', '6', '6', null), ('1223', '7', '7', null), ('1224', '1', '1', null), ('1225', '2', '2', null), ('1226', '3', '3', null), ('1227', '4', '4', null), ('1228', '5', '5', null), ('1229', '6', '6', null), ('1230', '7', '7', null), ('1231', '1', '1', null), ('1232', '2', '2', null), ('1233', '3', '3', null), ('1234', '4', '4', null), ('1235', '5', '5', null), ('1236', '6', '6', null), ('1237', '7', '7', null), ('1238', '1', '1', null), ('1239', '2', '2', null), ('1240', '3', '3', null), ('1241', '4', '4', null), ('1242', '5', '5', null), ('1243', '6', '6', null), ('1244', '7', '7', null), ('1245', '1', '1', null), ('1246', '2', '2', null), ('1247', '3', '3', null), ('1248', '4', '4', null), ('1249', '5', '5', null), ('1250', '6', '6', null), ('1251', '7', '7', null), ('1252', '1', '1', null), ('1253', '2', '2', null), ('1254', '3', '3', null), ('1255', '4', '4', null), ('1256', '5', '5', null), ('1257', '6', '6', null), ('1258', '7', '7', null), ('1259', '1', '1', null), ('1260', '2', '2', null), ('1261', '3', '3', null), ('1262', '4', '4', null), ('1263', '5', '5', null), ('1264', '6', '6', null), ('1265', '7', '7', null), ('1266', '1', '1', null), ('1267', '2', '2', null), ('1268', '3', '3', null), ('1269', '4', '4', null), ('1270', '5', '5', null), ('1271', '6', '6', null), ('1272', '7', '7', null), ('1273', '1', '1', null), ('1274', '2', '2', null), ('1275', '3', '3', null), ('1276', '4', '4', null), ('1277', '5', '5', null), ('1278', '6', '6', null), ('1279', '7', '7', null), ('1280', '1', '1', null), ('1281', '2', '2', null), ('1282', '3', '3', null), ('1283', '4', '4', null), ('1284', '5', '5', null), ('1285', '6', '6', null), ('1286', '7', '7', null), ('1287', 'not good', '1', null), ('1288', 'good', '2', null), ('1289', 'very good', '3', null), ('1290', 'A. Encourages the patient to tell their story in their own words', '1', null), ('1291', 'B. Explores the patient&prime;s problems and perspectives (beliefs, worries, feelings, goals)', '2', null), ('1292', 'C. Uses open questions initially, listens attentively, and then synthesizes closed questions as appropriate', '3', null), ('1293', 'D. Facilitates patient&prime;s responses using encouragement, pause/silence, repetition, paraphrasing, interpretation - with limited interruptions', '4', null), ('1294', 'E. Avoids using jargon and requests clarification and further information where needed', '5', null), ('1295', 'F', 'F', null), ('1296', 'P-', 'P-', null), ('1297', 'P', 'P', null), ('1298', 'P+', 'P+', null), ('1299', 'F', 'F', null), ('1300', 'P-', 'P-', null), ('1301', 'P', 'P', null), ('1302', 'P+', 'P+', null), ('1303', 'A. Encourages the patient to tell their story in their own words', 'A', null), ('1304', 'B. Explores the patient&prime;s problems and perspectives (beliefs, worries, feelings, goals)', 'B', null), ('1305', 'C. Uses open questions initially, listens attentively, and then synthesizes closed questions as appropriate', 'C', null), ('1306', 'D. Facilitates patient&prime;s responses using encouragement, pause/silence, repetition, paraphrasing, interpretation - with limited interruptions', 'D', null), ('1307', 'E. Avoids using jargon and requests clarification and further information where needed', 'E', null), ('1308', 'A. Picks up and acknowledges patient&prime;s non-verbal behaviour (e.g. body language, speech, facial expressions, affect)', 'A', null), ('1309', 'B. Demonstrates respectful, encouraging and non-controlling non-verbal behavior (eye contact, facial expressions, posture, position, movement) and vocal rate, volume and tone', 'B', null), ('1310', 'C. Acknowledges patient&prime;s perspective and efforts to cope and is non-judgemental', 'C', null), ('1311', 'D. Is sensitive to uncomfortable topics', 'D', null), ('1312', 'E. Involves the patient, and shares own thinking as appropriate - ideas, thought processes, dilemmas', 'E', null), ('1313', 'not good', '1', null), ('1314', 'good', '2', null), ('1315', 'very good', '3', null), ('1316', 'A. Picks up and acknowledges patient&prime;s non-verbal behaviour (e.g. body language, speech, facial expressions, affect)', '1', null), ('1317', 'B. Demonstrates respectful, encouraging and non-controlling non-verbal behavior (eye contact, facial expressions, posture, position, movement) and vocal rate, volume and tone', '2', null), ('1318', 'C. Acknowledges patient&prime;s perspective and efforts to cope and is non-judgemental', '3', null), ('1319', 'D. Is sensitive to uncomfortable topics', '4', null), ('1320', 'E. Involves the patient, and shares own thinking as appropriate - ideas, thought processes, dilemmas', '5', null), ('1321', 'A. Encourages the patient to tell their story in their own words', 'A', null), ('1322', 'B. Explores the patient&prime;s problems and perspectives (beliefs, worries, feelings, goals)', 'B', null), ('1323', 'C. Uses open questions initially, listens attentively, and then synthesizes closed questions as appropriate', 'C', null), ('1324', 'D. Facilitates patient&prime;s responses using encouragement, pause/silence, repetition, paraphrasing, interpretation - with limited interruptions', 'D', null), ('1325', 'E. Avoids using jargon and requests clarification and further information where needed', 'E', null), ('1326', 'A. Picks up and acknowledges patient&prime;s non-verbal behaviour (e.g. body language, speech, facial expressions, affect)', 'A', null), ('1327', 'B. Demonstrates respectful, encouraging and non-controlling non-verbal behavior (eye contact, facial expressions, posture, position, movement) and vocal rate, volume and tone', 'B', null), ('1328', 'C. Acknowledges patient&prime;s perspective and efforts to cope and is non-judgemental', 'C', null), ('1329', 'D. Is sensitive to uncomfortable topics', 'D', null), ('1330', 'E. Involves the patient, and shares own thinking as appropriate - ideas, thought processes, dilemmas', 'E', null), ('1331', 'F', 'F', null), ('1332', 'P-', 'P-', null), ('1333', 'P', 'P', null), ('1334', 'P+', 'P+', null), ('1335', 'A. Explores impacts, concerns and expectations', 'A', null), ('1336', 'B. Relates subsequent questioning and explanations to previously elicited ideas, concerns or expectations', 'B', null), ('1337', 'C. Checks interpretation of information with patient - clarifying and asking for any corrections or questions', 'C', null), ('1338', 'D. Confirms and clarifies patient understanding', 'D', null), ('1339', 'D. Recognises and prioritises patient&prime;s needs', 'E', null), ('1340', 'A. Explores impacts, concerns and expectations', 'A', null), ('1341', 'B. Relates subsequent questioning and explanations to previously elicited ideas, concerns or expectations', 'B', null), ('1342', 'C. Checks interpretation of information with patient - clarifying and asking for any corrections or questions', 'C', null), ('1343', 'D. Confirms and clarifies patient understanding', 'D', null), ('1344', 'D. Recognises and prioritises patient&prime;s needs', 'E', null), ('1345', 'not good', '1', null), ('1346', 'good', '2', null), ('1347', 'very good', '3', null), ('1348', 'A. Encourages the patient to tell their story in their own words', '1', null), ('1349', 'B. Explores the patient&prime;s problems and perspectives (beliefs, worries, feelings, goals)', '2', null), ('1350', 'C. Uses open questions initially, listens attentively, and then synthesizes closed questions as appropriate', '3', null), ('1351', 'D. Facilitates patient&prime;s responses using encouragement, pause/silence, repetition, paraphrasing, interpretation - with limited interruptions', '4', null), ('1352', 'E. Avoids using jargon and requests clarification and further information where needed', '5', null), ('1353', 'not good', '1', null), ('1354', 'good', '2', null), ('1355', 'very good', '3', null), ('1356', 'not good', '1', null), ('1357', 'good', '2', null), ('1358', 'very good', '3', null), ('1359', 'A. Explores impacts, concerns and expectations', '1', null), ('1360', 'B. Relates subsequent questioning and explanations to previously elicited ideas, concerns or expectations', '2', null), ('1361', 'C. Checks interpretation of information with patient - clarifying and asking for any corrections or questions', '3', null), ('1362', 'D. Confirms and clarifies patient understanding', '4', null), ('1363', 'D. Recognises and prioritises patient&prime;s needs', '5', null), ('1364', 'F', 'F', null), ('1365', 'P-', 'P-', null), ('1366', 'P', 'P', null), ('1367', 'P+', 'P+', null), ('1368', 'F', 'F', null), ('1369', 'P-', 'P-', null), ('1370', 'P', 'P', null), ('1371', 'P+', 'P+', null), ('1372', 'F', 'F', null), ('1373', 'P-', 'P-', null), ('1374', 'P', 'P', null), ('1375', 'P+', 'P+', null), ('1376', 'F', 'F', null), ('1377', 'P-', 'P-', null), ('1378', 'P', 'P', null), ('1379', 'P+', 'P+', null), ('1380', 'F', 'F', null), ('1381', 'P-', 'P-', null), ('1382', 'P', 'P', null), ('1383', 'P+', 'P+', null), ('1384', 'A. Initiates the session appropriately with introductions, defining of the purpose and agenda', 'A', null), ('1385', 'B. Clarifies and summarises at key points during the interview', 'B', null), ('1386', 'C. Uses transitions and signposting', 'C', null), ('1387', 'D. Manages time effectively', 'D', null), ('1388', 'E. Closes the session appropriately', 'E', null), ('1389', 'F', 'F', null), ('1390', 'P-', 'P-', null), ('1391', 'P', 'P', null), ('1392', 'P+', 'P+', null), ('1393', 'A. Initiates the session appropriately with introductions, defining of the purpose and agenda', 'A', null), ('1394', 'B. Clarifies and summarises at key points during the interview', 'B', null), ('1395', 'C. Uses transitions and signposting', 'C', null), ('1396', 'D. Manages time effectively', 'D', null), ('1397', 'E. Closes the session appropriately', 'E', null), ('1398', 'A. Encourages the patient to tell their story in their own words', 'A', null), ('1399', 'B. Explores the patient&prime;s problems and perspectives (beliefs, worries, feelings, goals)', 'B', null), ('1400', 'C. Uses open questions initially, listens attentively, and then synthesizes closed questions as appropriate', 'C', null), ('1401', 'D. Facilitates patient&prime;s responses using encouragement, pause/silence, repetition, paraphrasing, interpretation - with limited interruptions', 'D', null), ('1402', 'E. Avoids using jargon and requests clarification and further information where needed', 'E', null), ('1403', 'F', 'F', null), ('1404', 'P-', 'P-', null), ('1405', 'P', 'P', null), ('1406', 'P+', 'P+', null), ('1407', 'A. Picks up and acknowledges patient&prime;s non-verbal behaviour (e.g. body language, speech, facial expressions, affect)', 'A', null), ('1408', 'B. Demonstrates respectful, encouraging and non-controlling non-verbal behavior (eye contact, facial expressions, posture, position, movement) and vocal rate, volume and tone', 'B', null), ('1409', 'C. Acknowledges patient&prime;s perspective and efforts to cope and is non-judgemental', 'C', null), ('1410', 'D. Handles uncomfortable topics sensitively', 'D', null), ('1411', 'E. Involves the patient, and shares own thinking as appropriate - ideas, thought processes, dilemmas', 'E', null), ('1412', 'F', 'F', null), ('1413', 'P-', 'P-', null), ('1414', 'P', 'P', null), ('1415', 'P+', 'P+', null), ('1416', 'A. Explores impacts, concerns and expectations', 'A', null), ('1417', 'B. Relates subsequent questioning and explanations to previously elicited ideas, concerns or expectations', 'B', null), ('1418', 'C. Checks interpretation of information with the patient - clarifying and asking for any corrections or questions', 'C', null), ('1419', 'D. Recognises and prioritises patient&prime;s needs', 'E', null), ('1420', 'A. Explores impacts, concerns and expectations', 'A', null), ('1421', 'B. Relates subsequent questioning and explanations to previously elicited ideas, concerns or expectations', 'B', null), ('1422', 'C. Checks interpretation of information with the patient - clarifying and asking for any corrections or questions', 'C', null), ('1423', 'D. Recognises and prioritises patient&prime;s needs', 'E', null), ('1424', 'A. Initiates the session appropriately with introductions, defining of the purpose and agenda', 'A', null), ('1425', 'B. Clarifies and summarises at key points during the interview', 'B', null), ('1426', 'C. Uses transitions and signposting', 'C', null), ('1427', 'D. Manages time effectively', 'D', null), ('1428', 'E. Closes the session appropriately', 'E', null), ('1429', 'A. Encourages the patient to tell their story in their own words', 'A', null), ('1430', 'B. Explores the patient&prime;s problems and perspectives (beliefs, worries, feelings, goals)', 'B', null), ('1431', 'C. Uses open questions initially, listens attentively, and then synthesizes closed questions as appropriate', 'C', null), ('1432', 'D. Facilitates patient&prime;s responses using encouragement, pause/silence, repetition, paraphrasing, interpretation - with limited interruptions', 'D', null), ('1433', 'E. Avoids using jargon and requests clarification and further information where needed', 'E', null), ('1434', 'A. Picks up and acknowledges patient&prime;s non-verbal behaviour (e.g. body language, speech, facial expressions, affect)', 'A', null), ('1435', 'B. Demonstrates respectful, encouraging and non-controlling non-verbal behavior (eye contact, facial expressions, posture, position, movement) and vocal rate, volume and tone', 'B', null), ('1436', 'C. Acknowledges patient&prime;s perspective and efforts to cope and is non-judgemental', 'C', null), ('1437', 'D. Handles uncomfortable topics sensitively', 'D', null), ('1438', 'E. Involves the patient, and shares own thinking as appropriate - ideas, thought processes, dilemmas', 'E', null), ('1439', 'A. Explores impacts, concerns and expectations', 'A', null), ('1440', 'B. Relates subsequent questioning and explanations to previously elicited ideas, concerns or expectations', 'B', null), ('1441', 'C. Checks interpretation of information with the patient - clarifying and asking for any corrections or questions', 'C', null), ('1442', 'D. Recognises and prioritises patient&prime;s needs', 'E', null), ('1443', 'not good', '1', null), ('1444', 'good', '2', null), ('1445', 'very good', '3', null), ('1446', 'A. Picks up and acknowledges patient&prime;s non-verbal behaviour (e.g. body language, speech, facial expressions, affect)', '1', null), ('1447', 'B. Demonstrates respectful, encouraging and non-controlling non-verbal behavior (eye contact, facial expressions, posture, position, movement) and vocal rate, volume and tone', '2', null), ('1448', 'C. Acknowledges patient&prime;s perspective and efforts to cope and is non-judgemental', '3', null), ('1449', 'D. Handles uncomfortable topics sensitively', '4', null), ('1450', 'E. Involves the patient, and shares own thinking as appropriate - ideas, thought processes, dilemmas', '5', null), ('1451', 'not good', '1', null), ('1452', 'good', '2', null), ('1453', 'very good', '3', null), ('1454', 'A. Explores impacts, concerns and expectations', '1', null), ('1455', 'B. Relates subsequent questioning and explanations to previously elicited ideas, concerns or expectations', '2', null), ('1456', 'C. Checks interpretation of information with patient - clarifying and asking for any corrections or questions', '3', null), ('1457', 'D. Recognises and prioritises patient&prime;s needs', '4', null), ('1458', 'A. Explores impacts, concerns and expectations', 'A', null), ('1459', 'B. Relates subsequent questioning and explanations to previously elicited ideas, concerns or expectations', 'B', null), ('1460', 'C. Checks interpretation of information with the patient - clarifying and asking for any corrections or questions', 'C', null), ('1461', 'D. Recognises and prioritises patient&prime;s needs', 'D', null), ('1462', 'A. Explores impacts, concerns and expectations', 'A', null), ('1463', 'B. Relates subsequent questioning and explanations to previously elicited ideas, concerns or expectations', 'B', null), ('1464', 'C. Checks interpretation of information with the patient - clarifying and asking for any corrections or questions', 'C', null), ('1465', 'D. Recognises and prioritises patient&prime;s needs', 'D', null), ('1466', 'A. Explores impacts, concerns and expectations', 'A', null), ('1467', 'B. Relates subsequent questioning and explanations to previously elicited ideas, concerns or expectations', 'B', null), ('1468', 'C. Checks interpretation of information with the patient - clarifying and asking for any corrections or questions', 'C', null), ('1469', 'D. Recognises and prioritises patient&prime;s needs', 'D', null), ('1470', 'A. Explores impacts, concerns and expectations', 'A', null), ('1471', 'B. Relates subsequent questioning and explanations to previously elicited ideas, concerns or expectations', 'B', null), ('1472', 'C. Checks interpretation of information with the patient - clarifying and asking for any corrections or questions', 'C', null);
INSERT INTO `s_questionoption` VALUES ('1473', 'D. Recognises and prioritises patient&prime;s needs', 'D', null), ('1474', 'A. Encourages the patient to tell their story in their own words', 'A', null), ('1475', 'B. Explores the patient&prime;s problems and perspectives (beliefs, worries, feelings, goals)', 'B', null), ('1476', 'C. Uses open questions initially, listens attentively, and then synthesizes closed questions as appropriate', 'C', null), ('1477', 'D. Facilitates patient&prime;s responses using encouragement, pause/silence, repetition, paraphrasing, interpretation - with limited interruptions', 'D', null), ('1478', 'E. Avoids using jargon and requests clarification and further information where needed', 'E', null), ('1479', 'A. Picks up and acknowledges patient&prime;s non-verbal behaviour (e.g. body language, speech, facial expressions, affect)', 'A', null), ('1480', 'B. Demonstrates respectful, encouraging and non-controlling non-verbal behavior (eye contact, facial expressions, posture, position, movement) and vocal rate, volume and tone', 'B', null), ('1481', 'C. Acknowledges patient&prime;s perspective and efforts to cope and is non-judgemental', 'C', null), ('1482', 'D. Handles uncomfortable topics sensitively', 'D', null), ('1483', 'E. Involves the patient, and shares own thinking as appropriate - ideas, thought processes, dilemmas', 'E', null), ('1484', 'A. Picks up and acknowledges patient&prime;s non-verbal behaviour (e.g. body language, speech, facial expressions, affect)', 'A', null), ('1485', 'B. Demonstrates respectful, encouraging and non-controlling non-verbal behavior (eye contact, facial expressions, posture, position, movement) and vocal rate, volume and tone', 'B', null), ('1486', 'C. Acknowledges patient&prime;s perspective and efforts to cope and is non-judgemental', 'C', null), ('1487', 'D. Handles uncomfortable topics sensitively', 'D', null), ('1488', 'E. Involves the patient, and shares own thinking as appropriate - ideas, thought processes, dilemmas', 'E', null), ('1489', 'A. Explores impacts, concerns and expectations', 'A', null), ('1490', 'B. Relates subsequent questioning and explanations to previously elicited ideas, concerns or expectations', 'B', null), ('1491', 'C. Checks interpretation of information with the patient - clarifying and asking for any corrections or questions', 'C', null), ('1492', 'D. Recognises and prioritises patient&prime;s needs', 'D', null), ('1493', 'A. Explores impacts, concerns and expectations', 'A', null), ('1494', 'B. Relates subsequent questioning and explanations to previously elicited ideas, concerns or expectations', 'B', null), ('1495', 'C. Checks interpretation of information with the patient - clarifying and asking for any corrections or questions', 'C', null), ('1496', 'D. Recognises and prioritises patient&prime;s needs', 'D', null), ('1497', 'A. Explores impacts, concerns and expectations', 'A', null), ('1498', 'B. Relates subsequent questioning and explanations to previously elicited ideas, concerns or expectations', 'B', null), ('1499', 'C. Checks interpretation of information with the patient - clarifying and asking for any corrections or questions', 'C', null), ('1500', 'D. Recognises and prioritises patient&prime;s needs', 'D', null), ('1501', 'A. Explores impacts, concerns and expectations', 'A', null), ('1502', 'B. Relates subsequent questioning and explanations to previously elicited ideas, concerns or expectations', 'B', null), ('1503', 'C. Checks interpretation of information with the patient - clarifying and asking for any corrections or questions', 'C', null), ('1504', 'D. Recognises and prioritises patient&prime;s needs', 'D', null), ('1505', 'A. Picks up and acknowledges patient&prime;s non-verbal behaviour (e.g. body language, speech, facial expressions, affect)', '1', null), ('1506', 'B. Demonstrates respectful, encouraging and non-controlling non-verbal behavior (eye contact, facial expressions, posture, position, movement) and vocal rate, volume and tone', '2', null), ('1507', 'C. Acknowledges patient&prime;s perspective and efforts to cope and is non-judgemental', '3', null), ('1508', 'D. Handles uncomfortable topics sensitively', '4', null), ('1509', 'E. Involves the patient, and shares own thinking as appropriate - ideas, thought processes, dilemmas', '5', null), ('1510', 'A. Explores impacts, concerns and expectations', '1', null), ('1511', 'B. Relates subsequent questioning and explanations to previously elicited ideas, concerns or expectations', '2', null), ('1512', 'C. Checks interpretation of information with the patient - clarifying and asking for any corrections or questions', '3', null), ('1513', 'D. Recognises and prioritises patient&prime;s needs', '4', null), ('1514', 'A. Initiates the session appropriately with introductions, defining of the purpose and agenda', 'A', null), ('1515', 'B. Clarifies and summarises at key points during the interview', 'B', null), ('1516', 'C. Uses transitions and signposting', 'C', null), ('1517', 'D. Manages time effectively', 'D', null), ('1518', 'E. Closes the session appropriately', 'E', null), ('1519', 'A. Encourages the patient to tell their story in their own words', 'A', null), ('1520', 'B. Explores the patient&prime;s problems and perspectives (beliefs, worries, feelings, goals)', 'B', null), ('1521', 'C. Uses open questions initially, listens attentively, and then synthesizes closed questions as appropriate', 'C', null), ('1522', 'D. Facilitates patient&prime;s responses using encouragement, pause/silence, repetition, paraphrasing, interpretation - with limited interruptions', 'D', null), ('1523', 'E. Avoids using jargon and requests clarification and further information where needed', 'E', null), ('1524', 'A. Picks up and acknowledges patient&prime;s non-verbal behaviour (e.g. body language, speech, facial expressions, affect)', 'A', null), ('1525', 'B. Demonstrates respectful, encouraging and non-controlling non-verbal behavior (eye contact, facial expressions, posture, position, movement) and vocal rate, volume and tone', 'B', null), ('1526', 'C. Acknowledges patient&prime;s perspective and efforts to cope and is non-judgemental', 'C', null), ('1527', 'D. Handles uncomfortable topics sensitively', 'D', null), ('1528', 'E. Involves the patient, and shares own thinking as appropriate - ideas, thought processes, dilemmas', 'E', null), ('1529', 'A. Explores impacts, concerns and expectations', 'A', null), ('1530', 'B. Relates subsequent questioning and explanations to previously elicited ideas, concerns or expectations', 'B', null), ('1531', 'C. Checks interpretation of information with the patient - clarifying and asking for any corrections or questions', 'C', null), ('1532', 'D. Recognises and prioritises patient&prime;s needs', 'D', null), ('1533', 'not good', '1', null), ('1534', 'good', '2', null), ('1535', 'very good', '3', null), ('1536', 'not good', '1', null), ('1537', 'good', '2', null), ('1538', 'very good', '3', null), ('1539', 'not good', '1', null), ('1540', 'good', '2', null), ('1541', 'very good', '3', null), ('1542', 'not good', '1', null), ('1543', 'good', '2', null), ('1544', 'very good', '3', null), ('1545', 'A. Explores impacts, concerns and expectations', '1', null), ('1546', 'B. Relates subsequent questioning and explanations to previously elicited ideas, concerns or expectations', '2', null), ('1547', 'C. Checks interpretation of information with the patient - clarifying and asking for any corrections or questions', '3', null), ('1548', 'D. Recognises and prioritises patient&prime;s needs', '4', null), ('1549', 'A. Picks up and acknowledges patient&prime;s non-verbal behaviour (e.g. body language, speech, facial expressions, affect)', '1', null), ('1550', 'B. Demonstrates respectful, encouraging and non-controlling non-verbal behavior (eye contact, facial expressions, posture, position, movement) and vocal rate, volume and tone', '2', null), ('1551', 'C. Acknowledges patient&prime;s perspective and efforts to cope and is non-judgemental', '3', null), ('1552', 'D. Handles uncomfortable topics sensitively', '4', null), ('1553', 'E. Involves the patient, and shares own thinking as appropriate - ideas, thought processes, dilemmas', '5', null), ('1554', 'A. Encourages the patient to tell their story in their own words', '1', null), ('1555', 'B. Explores the patient&prime;s problems and perspectives (beliefs, worries, feelings, goals)', '2', null), ('1556', 'C. Uses open questions initially, listens attentively, and then synthesizes closed questions as appropriate', '3', null), ('1557', 'D. Facilitates patient&prime;s responses using encouragement, pause/silence, repetition, paraphrasing, interpretation - with limited interruptions', '4', null), ('1558', 'E. Avoids using jargon and requests clarification and further information where needed', '5', null), ('1559', 'A. Initiates the session appropriately with introductions, defining of the purpose and agenda', '1', null), ('1560', 'B. Clarifies and summarises at key points during the interview', '2', null), ('1561', 'C. Uses transitions and signposting', '3', null), ('1562', 'D. Manages time effectively', '4', null), ('1563', 'E. Closes the session appropriately', '5', null), ('1567', 'Providing structure', '1', null), ('1568', 'Gathering information', '2', null), ('1569', 'Building relationships and developing rapport', '3', null), ('1570', 'Ensuring a shared understanding with the patient', '4', null), ('1571', '1', '1', null), ('1572', '2', '2', null), ('1573', '3', '3', null), ('1574', '4', '4', null), ('1575', '5', '5', null), ('1576', '6', '6', null), ('1577', '7', '7', null), ('1578', '1', '1', null), ('1579', '2', '2', null), ('1580', '3', '3', null), ('1581', '4', '4', null), ('1582', '5', '5', null), ('1583', '6', '6', null), ('1584', '7', '7', null), ('1585', '1', '1', null), ('1586', '2', '2', null), ('1587', '3', '3', null), ('1588', '4', '4', null), ('1589', '5', '5', null), ('1590', '6', '6', null), ('1591', '7', '7', null), ('1592', '1', '1', null), ('1593', '2', '2', null), ('1594', '3', '3', null), ('1595', '4', '4', null), ('1596', '5', '5', null), ('1597', '6', '6', null), ('1598', '7', '7', null), ('1599', '1', '1', null), ('1600', '2', '2', null), ('1601', '3', '3', null), ('1602', '4', '4', null), ('1603', '5', '5', null), ('1604', '6', '6', null), ('1605', '7', '7', null), ('1606', '1', '1', null), ('1607', '2', '2', null), ('1608', '3', '3', null), ('1609', '4', '4', null), ('1610', '5', '5', null), ('1611', '6', '6', null), ('1612', '7', '7', null), ('1613', '1', '1', null), ('1614', '2', '2', null), ('1615', '3', '3', null), ('1616', '4', '4', null), ('1617', '5', '5', null), ('1618', '6', '6', null), ('1619', '7', '7', null), ('1620', '1', '1', null), ('1621', '2', '2', null), ('1622', '3', '3', null), ('1623', '4', '4', null), ('1624', '5', '5', null), ('1625', '6', '6', null), ('1626', '7', '7', null), ('1627', '1', '1', null), ('1628', '2', '2', null), ('1629', '3', '3', null), ('1630', '4', '4', null), ('1631', '5', '5', null), ('1632', '6', '6', null), ('1633', '7', '7', null), ('1634', '1', '1', null), ('1635', '2', '2', null), ('1636', '3', '3', null), ('1637', '4', '4', null), ('1638', '5', '5', null), ('1639', '6', '6', null), ('1640', '7', '7', null), ('1641', '1', '1', null), ('1642', '2', '2', null), ('1643', '3', '3', null), ('1644', '4', '4', null), ('1645', '5', '5', null), ('1646', '6', '6', null), ('1647', '7', '7', null), ('1648', '1', '1', null), ('1649', '2', '2', null), ('1650', '3', '3', null), ('1651', '4', '4', null), ('1652', '5', '5', null), ('1653', '6', '6', null), ('1654', '7', '7', null), ('1655', '1', '1', null), ('1656', '2', '2', null), ('1657', '3', '3', null), ('1658', '4', '4', null), ('1659', '5', '5', null), ('1660', '6', '6', null), ('1661', '7', '7', null), ('1662', '1', '1', null), ('1663', '2', '2', null), ('1664', '3', '3', null), ('1665', '4', '4', null), ('1666', '5', '5', null), ('1667', '6', '6', null), ('1668', '7', '7', null), ('1669', '1', '1', null), ('1670', '2', '2', null), ('1671', '3', '3', null), ('1672', '4', '4', null), ('1673', '5', '5', null), ('1674', '6', '6', null), ('1675', '7', '7', null), ('1676', '1', '1', null), ('1677', '2', '2', null), ('1678', '3', '3', null), ('1679', '4', '4', null), ('1680', '5', '5', null), ('1681', '6', '6', null), ('1682', '7', '7', null), ('1683', '1', '1', null), ('1684', '2', '2', null), ('1685', '3', '3', null), ('1686', '4', '4', null), ('1687', '5', '5', null), ('1688', '6', '6', null), ('1689', '7', '7', null), ('1690', '1', '1', null), ('1691', '2', '2', null), ('1692', '3', '3', null), ('1693', '4', '4', null), ('1694', '5', '5', null), ('1695', '6', '6', null), ('1696', '7', '7', null), ('1697', '1', '1', null), ('1698', '2', '2', null), ('1699', '3', '3', null), ('1700', '4', '4', null), ('1701', '5', '5', null), ('1702', '6', '6', null), ('1703', '7', '7', null), ('1704', '1', '1', null), ('1705', '2', '2', null), ('1706', '3', '3', null), ('1707', '4', '4', null), ('1708', '5', '5', null), ('1709', '6', '6', null), ('1710', '7', '7', null), ('1711', '1', '1', null), ('1712', '2', '2', null), ('1713', '3', '3', null), ('1714', '4', '4', null), ('1715', '5', '5', null), ('1716', '6', '6', null), ('1717', '7', '7', null), ('1718', '1', '1', null), ('1719', '2', '2', null), ('1720', '3', '3', null), ('1721', '4', '4', null), ('1722', '5', '5', null), ('1723', '6', '6', null), ('1724', '7', '7', null), ('1725', '1', '1', null), ('1726', '2', '2', null), ('1727', '3', '3', null), ('1728', '4', '4', null), ('1729', '5', '5', null), ('1730', '6', '6', null), ('1731', '7', '7', null), ('1732', '1', '1', null), ('1733', '2', '2', null), ('1734', '3', '3', null), ('1735', '4', '4', null), ('1736', '5', '5', null), ('1737', '6', '6', null), ('1738', '7', '7', null), ('1739', '1', '1', null), ('1740', '2', '2', null), ('1741', '3', '3', null), ('1742', '4', '4', null), ('1743', '5', '5', null), ('1744', '6', '6', null), ('1745', '7', '7', null), ('1746', '1', '1', null), ('1747', '2', '2', null), ('1748', '3', '3', null), ('1749', '4', '4', null), ('1750', '5', '5', null), ('1751', '6', '6', null), ('1752', '7', '7', null), ('1753', '1', '1', null), ('1754', '2', '2', null), ('1755', '3', '3', null), ('1756', '4', '4', null), ('1757', '5', '5', null), ('1758', '6', '6', null), ('1759', '7', '7', null), ('1760', '1', '1', null), ('1761', '2', '2', null), ('1762', '3', '3', null), ('1763', '4', '4', null), ('1764', '5', '5', null), ('1765', '6', '6', null), ('1766', '7', '7', null), ('1767', '1', '1', null), ('1768', '2', '2', null), ('1769', '3', '3', null), ('1770', '4', '4', null), ('1771', '5', '5', null), ('1772', '6', '6', null), ('1773', '7', '7', null), ('1774', '1', '1', null), ('1775', '2', '2', null), ('1776', '3', '3', null), ('1777', '4', '4', null), ('1778', '5', '5', null), ('1779', '6', '6', null), ('1780', '7', '7', null), ('1781', '1', '1', null), ('1782', '2', '2', null), ('1783', '3', '3', null), ('1784', '4', '4', null), ('1785', '5', '5', null), ('1786', '6', '6', null), ('1787', '7', '7', null), ('1788', '1', '1', null), ('1789', '2', '2', null), ('1790', '3', '3', null), ('1791', '4', '4', null), ('1792', '5', '5', null), ('1793', '6', '6', null), ('1794', '7', '7', null), ('1795', '1', '1', null), ('1796', '2', '2', null), ('1797', '3', '3', null), ('1798', '4', '4', null), ('1799', '5', '5', null), ('1800', '6', '6', null), ('1801', '7', '7', null), ('1802', '1', '1', null), ('1803', '2', '2', null), ('1804', '3', '3', null), ('1805', '4', '4', null), ('1806', '5', '5', null), ('1807', '6', '6', null), ('1808', '7', '7', null), ('1809', '1', '1', null), ('1810', '2', '2', null), ('1811', '3', '3', null), ('1812', '4', '4', null), ('1813', '5', '5', null), ('1814', '6', '6', null), ('1815', '7', '7', null), ('1816', '1', '1', null), ('1817', '2', '2', null), ('1818', '3', '3', null), ('1819', '4', '4', null), ('1820', '5', '5', null), ('1821', '6', '6', null), ('1822', '7', '7', null), ('1823', '1', '1', null), ('1824', '2', '2', null), ('1825', '3', '3', null), ('1826', '4', '4', null), ('1827', '5', '5', null), ('1828', '6', '6', null), ('1829', '7', '7', null), ('1830', '1', '1', null), ('1831', '2', '2', null), ('1832', '3', '3', null), ('1833', '4', '4', null), ('1834', '5', '5', null), ('1835', '6', '6', null), ('1836', '7', '7', null), ('1837', '1', '1', null), ('1838', '2', '2', null), ('1839', '3', '3', null), ('1840', '4', '4', null), ('1841', '5', '5', null), ('1842', '6', '6', null), ('1843', '7', '7', null), ('1844', '1', '1', null), ('1845', '2', '2', null), ('1846', '3', '3', null), ('1847', '4', '4', null), ('1848', '5', '5', null), ('1849', '6', '6', null), ('1850', '7', '7', null), ('1851', '1', '1', null), ('1852', '2', '2', null), ('1853', '3', '3', null), ('1854', '4', '4', null), ('1855', '5', '5', null), ('1856', '6', '6', null), ('1857', '7', '7', null), ('1858', '1', '1', null), ('1859', '2', '2', null), ('1860', '3', '3', null), ('1861', '4', '4', null), ('1862', '5', '5', null), ('1863', '6', '6', null), ('1864', '7', '7', null), ('1865', '1', '1', null), ('1866', '2', '2', null), ('1867', '3', '3', null), ('1868', '4', '4', null), ('1869', '5', '5', null), ('1870', '6', '6', null), ('1871', '7', '7', null), ('1872', '1', '1', null), ('1873', '2', '2', null), ('1874', '3', '3', null), ('1875', '4', '4', null), ('1876', '5', '5', null), ('1877', '6', '6', null), ('1878', '7', '7', null), ('1879', '1', '1', null), ('1880', '2', '2', null), ('1881', '3', '3', null), ('1882', '4', '4', null), ('1883', '5', '5', null), ('1884', '6', '6', null), ('1885', '7', '7', null), ('1886', '1', '1', null), ('1887', '2', '2', null), ('1888', '3', '3', null), ('1889', '4', '4', null), ('1890', '5', '5', null), ('1891', '6', '6', null), ('1892', '7', '7', null), ('1893', 'Turn Taking', '1', null), ('1894', 'Speak Ratio', '2', null), ('1895', 'Sound Volume', '3', null), ('1896', 'Sound Pitch', '4', null), ('1897', 'Smile', '5', null), ('1898', 'Frown', '6', null), ('1899', 'Body Leaning', '7', null), ('1900', 'Head Tilting', '8', null), ('1901', 'Nodding', '9', null), ('1902', 'Shaking', '10', null), ('1903', 'Inattention', '11', null), ('1904', 'Movement', '12', null), ('1905', 'Turn Taking', '1', null), ('1906', 'Speak Ratio', '2', null), ('1907', 'Sound Volume', '3', null), ('1908', 'Sound Pitch', '4', null), ('1909', 'Smile', '5', null), ('1910', 'Frown', '6', null), ('1911', 'Body Leaning', '7', null), ('1912', 'Head Tilting', '8', null), ('1913', 'Nodding', '9', null), ('1914', 'Shaking', '10', null), ('1915', 'Inattention', '11', null), ('1916', 'Movement', '12', null), ('1917', 'Turn Taking', '1', null), ('1918', 'Speak Ratio', '2', null), ('1919', 'Sound Volume', '3', null), ('1920', 'Sound Pitch', '4', null), ('1921', 'Smile', '5', null), ('1922', 'Frown', '6', null), ('1923', 'Body Leaning', '7', null), ('1924', 'Head Tilting', '8', null), ('1925', 'Nodding', '9', null), ('1926', 'Shaking', '10', null), ('1927', 'Inattention', '11', null), ('1928', 'Turn Taking', '1', null), ('1929', 'Speak Ratio', '2', null), ('1930', 'Sound Volume', '3', null), ('1931', 'Sound Pitch', '4', null), ('1932', 'Smile', '5', null), ('1933', 'Frown', '6', null), ('1934', 'Body Leaning', '7', null), ('1935', 'Head Tilting', '8', null), ('1936', 'Nodding', '9', null), ('1937', 'Shaking', '10', null), ('1938', 'Inattention', '11', null), ('1939', 'simulate patients\' comments with timeline', '1', null), ('1940', 'automated analysis of nonverbal behaviour', '2', null), ('1941', 'simulated patients\' SOCA assessment result', '3', null), ('1942', 'Turn Taking', '1', null), ('1943', 'Speak Ratio', '2', null), ('1944', 'Sound Volume', '3', null), ('1945', 'Sound Pitch', '4', null), ('1946', 'Smile', '5', null), ('1947', 'Frown', '6', null), ('1948', 'Body Leaning', '7', null), ('1949', 'Head Tilting', '8', null), ('1950', 'Nodding', '9', null), ('1951', 'Shaking', '10', null), ('1952', 'Inattention', '11', null), ('1953', 'Turn Taking', '1', null), ('1954', 'Speak Ratio', '2', null), ('1955', 'Sound Volume', '3', null), ('1956', 'Sound Pitch', '4', null), ('1957', 'Smile', '5', null), ('1958', 'Frown', '6', null), ('1959', 'Body Leaning', '7', null), ('1960', 'Head Tilting', '8', null), ('1961', 'Nodding', '9', null), ('1962', 'Shaking', '10', null), ('1963', 'Inattention', '11', null), ('1964', 'simulated patients\' comments with timeline', '1', null), ('1965', 'automated analysis of nonverbal behaviour', '2', null), ('1966', 'simulated patients\' SOCA assessment result', '3', null), ('1967', '1', '1', null), ('1968', '2', '2', null), ('1969', '3', '3', null), ('1970', '4', '4', null), ('1971', '5', '5', null), ('1972', '6', '6', null), ('1973', '7', '7', null), ('1974', '1', '1', null), ('1975', '2', '2', null), ('1976', '3', '3', null), ('1977', '4', '4', null), ('1978', '5', '5', null), ('1979', '6', '6', null), ('1980', '7', '7', null), ('1981', 'simulated patients', '1', null), ('1982', 'automated analysis of nonverbal behaviour', '2', null), ('1983', 'simulated patients', '3', null), ('1984', '1', '1', null), ('1985', '2', '2', null), ('1986', '3', '3', null), ('1987', '4', '4', null), ('1988', '5', '5', null), ('1989', '6', '6', null), ('1990', '7', '7', null), ('1991', '1', '1', null), ('1992', '2', '2', null), ('1993', '3', '3', null), ('1994', '4', '4', null), ('1995', '5', '5', null), ('1996', '6', '6', null), ('1997', '7', '7', null), ('2003', '', 'below 20', null), ('2004', '', '20-30', null), ('2005', '', '30-40', null), ('2006', '', '40-50', null), ('2007', '', '50-60', null), ('2008', '', 'above 60', null), ('2009', 'Below 20', 'below 20', null), ('2010', '20-30', '20-30', null), ('2011', '30-40', '30-40', null), ('2012', '40-50', '40-50', null), ('2013', '50-60', '50-60', null), ('2014', 'above 60', 'above 60', null), ('2015', 'Yes', '1', null), ('2016', 'No', '2', null), ('2017', '1', '1', null), ('2018', '2', '2', null), ('2019', '3', '3', null), ('2020', '4', '4', null), ('2021', '5', '5', null), ('2022', '6', '6', null), ('2023', '7', '7', null), ('2024', '1', '1', null), ('2025', '2', '2', null), ('2026', '3', '3', null), ('2027', '4', '4', null), ('2028', '5', '5', null), ('2029', '6', '6', null), ('2030', '7', '7', null);
COMMIT;

-- ----------------------------
--  Table structure for `s_questiontype`
-- ----------------------------
DROP TABLE IF EXISTS `s_questiontype`;
CREATE TABLE `s_questiontype` (
  `id` int(11) NOT NULL AUTO_INCREMENT,
  `type` varchar(255) COLLATE utf8_bin NOT NULL,
  PRIMARY KEY (`id`)
) ENGINE=InnoDB AUTO_INCREMENT=6 DEFAULT CHARSET=utf8 COLLATE=utf8_bin;

-- ----------------------------
--  Records of `s_questiontype`
-- ----------------------------
BEGIN;
INSERT INTO `s_questiontype` VALUES ('1', 'TEXTFIELD'), ('2', 'TEXTAREA'), ('3', 'RADIO'), ('4', 'CHECKBOX'), ('5', 'LIKERT');
COMMIT;

-- ----------------------------
--  Table structure for `s_survey`
-- ----------------------------
DROP TABLE IF EXISTS `s_survey`;
CREATE TABLE `s_survey` (
  `id` int(11) NOT NULL AUTO_INCREMENT,
  `description` varchar(10000) COLLATE utf8_bin NOT NULL,
  `orderOfQuestions` varchar(255) COLLATE utf8_bin DEFAULT NULL,
  `title` varchar(255) COLLATE utf8_bin NOT NULL,
  `adminid` int(11) DEFAULT NULL,
  PRIMARY KEY (`id`),
  KEY `FK_flfw1qi2rl1iagi68sjqepr8k` (`adminid`),
  CONSTRAINT `FK_flfw1qi2rl1iagi68sjqepr8k` FOREIGN KEY (`adminid`) REFERENCES `s_admin` (`id`)
) ENGINE=InnoDB AUTO_INCREMENT=15 DEFAULT CHARSET=utf8 COLLATE=utf8_bin;

-- ----------------------------
--  Records of `s_survey`
-- ----------------------------
BEGIN;
INSERT INTO `s_survey` VALUES ('1', 'Observe student interviewing patient (real or simulated) and comment on the student\'s ability to:', '1,2,4,5,7,8,10,11,41,13', 'Student-Patient Observed Communication Assessment (SOCA) form', null), ('2', 'Please evaluate the EQClinic process (For SP)', '50,139,140,30,67', 'OSPIA Feedback', null), ('3', '', '52,53,54,55,56', 'Pre-appointment Form', null), ('4', 'We would like to see how much of your behaviours during the interview you can recall.', '69,128,129,130,131,132,133,134,135,136,137', 'Personal Reflection (1)', null), ('5', 'Please evaluate the performance of the simulated patient and difficulty of the scenario', '37,38,143', 'Simulated Patient & Scenario Rating Form', null), ('6', 'Now we would ask that you take a moment to reflect on your interview and assessment. Thinking about the interview you just completed and the SOCA you just reviewed, please respond to the following questions:', '64,65,66', 'Personal Reflection (2)', null), ('7', 'Please evaluate the EQClinic process (For students)', '50,30', 'OSPIA Feedback', null), ('8', '', '52,53,54,55,57,42,43,138,45,46,47,49', 'Post-appointment Form', null), ('9', 'Now we would like you to assess your own performance in this interview.', '77,78,79,80,81,82,83,84', 'Self SOCA assessment', null), ('10', 'The following questions relate to your reasons for participating in the interviewing class. Different people have different reasons for participating in such a class, and we want to know how true each of these reasons is for you. Your responses are confidential. Please be honest and candid.', '88,89,90,91,92,93,94,95,96,97,98,99,100,101', 'Student learning questionnaire (1) ', null), ('11', 'The following questions relate to your experience with OSPIA. eLearning systems have different styles, and we would like to know more about how you have felt using it. Your responses are confidential. Please be honest and candid.', '102,103,104,105,106,107,108,109', 'Student learning questionnaire (2)', null), ('12', 'This questionnaire contains items that are related to your interaction with the student. Students have different styles in dealing with simulated patients, and we would like to know more about how you have felt about your interaction with the student. Please be honest and candid.', '110,111,112,113,114,115', 'Autonomy support assessment questionnaire', null), ('13', 'We would like to know more about how you have felt about your interaction with the simulated patient. Please be honest and candid.', '116,117,118,119,120,121', 'Autonomy support self-assessment questionnaire', null), ('14', 'Please evaluate the performance of the student.', '122,123,124,125,126,127', 'Autonomy support assessment questionnaire for experts', null);
COMMIT;

-- ----------------------------
--  Table structure for `s_survey_question`
-- ----------------------------
DROP TABLE IF EXISTS `s_survey_question`;
CREATE TABLE `s_survey_question` (
  `survey_id` int(11) NOT NULL,
  `question_id` int(11) NOT NULL,
  PRIMARY KEY (`survey_id`,`question_id`),
  KEY `FK_lckh8bncgc6ux0saw1su2arlq` (`question_id`),
  CONSTRAINT `FK_hl27lsstc7kpoli9vye1gf6ld` FOREIGN KEY (`survey_id`) REFERENCES `s_survey` (`id`),
  CONSTRAINT `FK_lckh8bncgc6ux0saw1su2arlq` FOREIGN KEY (`question_id`) REFERENCES `s_question` (`id`)
) ENGINE=InnoDB DEFAULT CHARSET=utf8 COLLATE=utf8_bin;

-- ----------------------------
--  Records of `s_survey_question`
-- ----------------------------
BEGIN;
INSERT INTO `s_survey_question` VALUES ('1', '1'), ('1', '2'), ('1', '4'), ('1', '5'), ('1', '7'), ('1', '8'), ('1', '10'), ('1', '11'), ('1', '13'), ('2', '30'), ('7', '30'), ('5', '37'), ('5', '38'), ('1', '41'), ('8', '42'), ('8', '43'), ('8', '45'), ('8', '46'), ('8', '47'), ('8', '49'), ('2', '50'), ('7', '50'), ('3', '52'), ('8', '52'), ('3', '53'), ('8', '53'), ('3', '54'), ('8', '54'), ('3', '55'), ('8', '55'), ('3', '56'), ('8', '57'), ('6', '64'), ('6', '65'), ('6', '66'), ('2', '67'), ('4', '69'), ('9', '77'), ('9', '78'), ('9', '79'), ('9', '80'), ('9', '81'), ('9', '82'), ('9', '83'), ('9', '84'), ('10', '88'), ('10', '89'), ('10', '90'), ('10', '91'), ('10', '92'), ('10', '93'), ('10', '94'), ('10', '95'), ('10', '96'), ('10', '97'), ('10', '98'), ('10', '99'), ('10', '100'), ('10', '101'), ('11', '102'), ('11', '103'), ('11', '104'), ('11', '105'), ('11', '106'), ('11', '107'), ('11', '108'), ('11', '109'), ('12', '110'), ('12', '111'), ('12', '112'), ('12', '113'), ('12', '114'), ('12', '115'), ('13', '116'), ('13', '117'), ('13', '118'), ('13', '119'), ('13', '120'), ('13', '121'), ('14', '122'), ('14', '123'), ('14', '124'), ('14', '125'), ('14', '126'), ('14', '127'), ('4', '128'), ('4', '129'), ('4', '130'), ('4', '131'), ('4', '132'), ('4', '133'), ('4', '134'), ('4', '135'), ('4', '136'), ('4', '137'), ('8', '138'), ('2', '139'), ('2', '140'), ('5', '143');
COMMIT;

-- ----------------------------
--  Table structure for `scenario`
-- ----------------------------
DROP TABLE IF EXISTS `scenario`;
CREATE TABLE `scenario` (
  `id` int(11) NOT NULL AUTO_INCREMENT,
  `code` varchar(20) DEFAULT NULL,
  `age` int(11) DEFAULT NULL,
  `detail` varchar(10000) DEFAULT NULL,
  `gender` varchar(20) DEFAULT NULL,
  `pysicality` varchar(20) DEFAULT NULL,
  `status` int(11) DEFAULT NULL,
  `videoLoc` varchar(500) DEFAULT NULL,
  `trained` int(11) NOT NULL,
  PRIMARY KEY (`id`),
  UNIQUE KEY `id` (`id`)
) ENGINE=InnoDB AUTO_INCREMENT=5 DEFAULT CHARSET=utf8;

-- ----------------------------
--  Records of `scenario`
-- ----------------------------
BEGIN;
INSERT INTO `scenario` VALUES ('1', '#101', '20', 'Donec sed odio dui. Cras justo odio, dapibus ac facilisis in, egestas eget quam. Vestibulum id ligula porta felis euismod semper. Fusce dapibus, tellus ac cursus commodo, tortor mauris condimentum nibh, ut fermentum massa.', 'male', 'type1', '1', 'video_1436843299347.mp4', '1'), ('2', '#102', '50', 'Donec sed odio dui. Cras justo odio, dapibus ac facilisis in, egestas eget quam. Vestibulum id ligula porta felis euismod semper. Fusce dapibus, tellus ac cursus commodo, tortor mauris condimentum nibh, ut fermentum massa.', 'male', 'type2', '1', 'video_1436843299347.mp4', '1'), ('3', '#103', '20', 'Donec sed odio dui. Cras justo odio, dapibus ac facilisis in, egestas eget quam. Vestibulum id ligula porta felis euismod semper. Fusce dapibus, tellus ac cursus commodo, tortor mauris condimentum nibh, ut fermentum massa.', 'female', 'type3', '1', 'video_1436843299347.mp4', '1'), ('4', '#104', '50', 'Donec sed odio dui. Cras justo odio, dapibus ac facilisis in, egestas eget quam. Vestibulum id ligula porta felis euismod semper. Fusce dapibus, tellus ac cursus commodo, tortor mauris condimentum nibh, ut fermentum massa.', 'female', 'type4', '1', 'video_1436843299347.mp4', '1');
COMMIT;

-- ----------------------------
--  Table structure for `scenario_patient`
-- ----------------------------
DROP TABLE IF EXISTS `scenario_patient`;
CREATE TABLE `scenario_patient` (
  `id` int(11) NOT NULL AUTO_INCREMENT,
  `applyat` bigint(20) DEFAULT NULL,
  `confirmat` bigint(20) DEFAULT NULL,
  `patientId` int(11) DEFAULT NULL,
  `scenarioId` int(11) DEFAULT NULL,
  `status` int(11) DEFAULT NULL,
  PRIMARY KEY (`id`)
) ENGINE=InnoDB DEFAULT CHARSET=utf8;

-- ----------------------------
--  Table structure for `studentgroup`
-- ----------------------------
DROP TABLE IF EXISTS `studentgroup`;
CREATE TABLE `studentgroup` (
  `id` int(11) NOT NULL AUTO_INCREMENT,
  `studentId` varchar(20) DEFAULT '',
  `firstName` varchar(50) DEFAULT NULL,
  `lastName` varchar(50) DEFAULT NULL,
  `email` varchar(100) DEFAULT NULL,
  `groupNumber` int(11) DEFAULT NULL,
  `evaluationImage` int(11) DEFAULT NULL,
  `emailGroup` int(11) DEFAULT NULL,
  `status` int(11) DEFAULT NULL,
  PRIMARY KEY (`id`)
) ENGINE=InnoDB AUTO_INCREMENT=1904 DEFAULT CHARSET=utf8;

-- ----------------------------
--  Records of `studentgroup`
-- ----------------------------
BEGIN;
INSERT INTO `studentgroup` VALUES ('1073', 'z1111112', 'Year2', 'Student', 'z1111112@unsw.edu.au', '7', '2', '2', '1'), ('1170', 'z1111111', 'Year1', 'Student', 'z1111111@unsw.edu.au', '7', '1', '1', '1');
COMMIT;

-- ----------------------------
--  Table structure for `teacher`
-- ----------------------------
DROP TABLE IF EXISTS `teacher`;
CREATE TABLE `teacher` (
  `teacherId` int(11) NOT NULL AUTO_INCREMENT,
  `firstname` varchar(30) DEFAULT NULL,
  `lastname` varchar(30) DEFAULT NULL,
  `username` varchar(100) DEFAULT NULL,
  `password` varchar(1000) DEFAULT NULL,
  `status` int(11) DEFAULT NULL,
  `lastLoginAt` bigint(20) DEFAULT NULL,
  PRIMARY KEY (`teacherId`),
  UNIQUE KEY `teacherId` (`teacherId`)
) ENGINE=InnoDB AUTO_INCREMENT=110 DEFAULT CHARSET=utf8;

-- ----------------------------
--  Records of `teacher`
-- ----------------------------
BEGIN;
INSERT INTO `teacher` VALUES ('1', 'Tutor', 'Tutor', 'tutor@gmail.com', '6e290cf849cad9ccf5d0d5479d0f62ba', '1', '1442275328046');
COMMIT;

-- ----------------------------
--  Table structure for `unavailableperiod`
-- ----------------------------
DROP TABLE IF EXISTS `unavailableperiod`;
CREATE TABLE `unavailableperiod` (
  `id` int(11) NOT NULL AUTO_INCREMENT,
  `endDate` bigint(20) DEFAULT NULL,
  `endDateStr` varchar(255) DEFAULT NULL,
  `note` varchar(500) DEFAULT NULL,
  `startDate` bigint(20) DEFAULT NULL,
  `startDateStr` varchar(255) DEFAULT NULL,
  `status` int(11) DEFAULT NULL,
  PRIMARY KEY (`id`)
) ENGINE=InnoDB AUTO_INCREMENT=5 DEFAULT CHARSET=utf8;

-- ----------------------------
--  Records of `unavailableperiod`
-- ----------------------------
BEGIN;
INSERT INTO `unavailableperiod` VALUES ('2', '1456664400000', '28/02/2016', 'project is not started yet ', '1455454800000', '15/02/2016', '0'), ('3', '1460728800000', '15/04/2016', 'campus SP sessions taking place during this period', '1459692000000', '04/04/2016', '1'), ('4', '1465567200000', '10/06/2016', 'campus SP sessions taking place during this period', '1464530400000', '30/05/2016', '1');
COMMIT;

-- ----------------------------
--  Table structure for `video`
-- ----------------------------
DROP TABLE IF EXISTS `video`;
CREATE TABLE `video` (
  `id` int(11) NOT NULL AUTO_INCREMENT,
  `aptDate` varchar(255) DEFAULT NULL,
  `aptTime` varchar(255) DEFAULT NULL,
  `archiveId` varchar(255) DEFAULT NULL,
  `doctorId` int(11) DEFAULT NULL,
  `doctorName` varchar(255) DEFAULT NULL,
  `generateTime` bigint(20) DEFAULT NULL,
  `generateTimeStr` varchar(255) DEFAULT NULL,
  `length` int(11) DEFAULT NULL,
  `location` varchar(255) DEFAULT NULL,
  `name` varchar(255) DEFAULT NULL,
  `patientId` int(11) DEFAULT NULL,
  `patientName` varchar(255) DEFAULT NULL,
  `sceCode` varchar(255) DEFAULT NULL,
  `sessionId` varchar(255) DEFAULT NULL,
  `state` int(11) DEFAULT NULL,
  `url` varchar(255) DEFAULT NULL,
  `videoType` int(11) DEFAULT NULL,
  `allowTutorNotes` int(11) DEFAULT NULL,
  `reviewComments` int(11) DEFAULT '0',
  `reviewSoca` int(11) DEFAULT '0',
  `reviewBehav` int(11) DEFAULT '0',
  `reviewSurvey` int(11) DEFAULT '0',
  `allowFeedback` int(11) DEFAULT NULL,
  `reviewTutorSoca` int(11) DEFAULT NULL,
  `emailLevel` int(11) DEFAULT NULL,
  `hasSendEmail` int(11) DEFAULT NULL,
  PRIMARY KEY (`id`)
) ENGINE=InnoDB AUTO_INCREMENT=4139 DEFAULT CHARSET=utf8;

SET FOREIGN_KEY_CHECKS = 1;
